Data,Valor_Real,Valor_Previsto,Valor_Previsto_SMA
2024-03-12,0.5775142,0.5947249,0.5947248935699463
2024-03-12,0.8434357,0.6405144,0.6176196336746216
2024-03-12,0.91392094,0.7262242,0.6538211504618326
2024-03-12,-2.1553903,-2.0781605,-0.23714065551757812
2024-03-12,-2.1521864,-1.9091814,-1.0870392322540283
2024-03-12,-2.1041281,-1.8823893,-1.9565770626068115
2024-03-12,-2.1009243,-1.8296132,-1.8737279574076335
2024-03-12,-1.9663616,-1.7984611,-1.83682119846344
2024-03-12,-1.8990803,-1.7399173,-1.78933052221934
2024-03-12,-1.8670416,-1.7049109,-1.7477630774180095
2024-03-12,-1.7645177,-1.6512681,-1.6986987590789795
2024-03-12,-1.6972363,-1.5963331,-1.6508373816808064
2024-03-12,-1.6651975,-1.550449,-1.599350094795227
2024-03-12,-1.6331588,-1.5108981,-1.5525600910186768
2024-03-12,-1.5979161,-1.4804844,-1.5139438311258953
2024-03-12,-1.3672372,-1.4277172,-1.4730332295099895
2024-03-12,-1.3351985,-1.3309704,-1.4130573272705078
2024-03-12,-1.271121,-1.2532748,-1.3373208045959473
2024-03-12,-1.2358785,-1.1807009,-1.2549820343653362
2024-03-12,-1.0019957,-1.1074897,-1.1804884672164917
2024-03-12,-0.90587944,-1.0157285,-1.1013063589731853
2024-03-12,-0.8385981,-0.9012947,-1.0081709623336792
2024-03-12,-0.8065593,-0.7853298,-0.9007843335469564
2024-03-12,-0.7713167,-0.71358573,-0.8000700871149699
2024-03-12,-0.73927796,-0.66518617,-0.7213672399520874
2024-03-12,-0.7072393,-0.6249033,-0.6678917407989502
2024-03-12,-0.67199665,-0.5876694,-0.6259196201960245
2024-03-12,-0.44452158,-0.5072967,-0.5732897917429606
2024-03-12,-0.31316277,-0.38222343,-0.4923964937527974
2024-03-12,-0.24588141,-0.25285888,-0.3807929952939351
2024-03-12,-0.21384268,-0.14930418,-0.2614621619383494
2024-03-12,-0.079279974,-0.06470501,-0.15562268843253454
2024-03-12,0.08411759,0.030803591,-0.061068532367547355
2024-03-12,0.21868029,0.1526914,0.039596659441788994
2024-03-12,0.25071904,0.27753454,0.15367650985717773
2024-03-12,0.31800038,0.36771455,0.26598016421000165
2024-03-12,0.35003912,0.42977914,0.3583427468935649
2024-03-12,0.48460183,0.47655705,0.4246835807959239
2024-03-12,0.58071804,0.5487741,0.48503677050272626
2024-03-12,0.61596066,0.6126833,0.5460048218568166
2024-03-12,0.683242,0.66993415,0.6104638576507568
2024-03-12,0.81139696,0.7082155,0.6636109749476115
2024-03-12,0.8466396,0.754678,0.710942546526591
2024-03-12,0.91392094,0.80026853,0.7543873389561971
2024-03-12,0.9491635,0.84366715,0.7995378971099854
2024-03-12,-2.1553903,-2.082687,-0.14625040690104166
2024-03-12,-2.05607,-1.9012672,-1.0467623074849446
2024-03-12,-1.85743,-1.7925478,-1.9255006313323975
2024-03-12,-1.7933525,-1.6908702,-1.794895052909851
2024-03-12,-1.7260711,-1.6334639,-1.7056272824605305
2024-03-12,-1.6940324,-1.567548,-1.6306273539861043
2024-03-12,-1.6587898,-1.5330826,-1.5780315001805623
2024-03-12,-1.6267511,-1.5018476,-1.5341594219207764
2024-03-12,-1.5274309,-1.4670125,-1.5006475845972698
2024-03-12,-1.4953922,-1.4157317,-1.461530605951945
2024-03-12,-1.4601496,-1.3691953,-1.4173131783803303
2024-03-12,-1.4281108,-1.3304882,-1.3718050718307495
2024-03-12,-1.3960721,-1.3021265,-1.3339366912841797
2024-03-12,-1.3287908,-1.2690262,-1.3005469640096028
2024-03-12,-1.296752,-1.2313848,-1.2675124804178874
2024-03-12,-1.2647133,-1.1958355,-1.2320821285247803
2024-03-12,-1.2294707,-1.1622825,-1.1965008974075317
2024-03-12,-1.1653932,-1.1331025,-1.1637401580810547
2024-03-12,-1.1301506,-1.10295,-1.1327783266703289
2024-03-12,-0.9955879,-1.0486134,-1.0948886473973591
2024-03-12,-0.83219033,-0.96132314,-1.0376288493474324
2024-03-12,-0.72966635,-0.83413684,-0.9480244716008505
2024-03-12,-0.6976276,-0.6860119,-0.8271572987238566
2024-03-12,-0.662385,-0.5893041,-0.7031509478886923
2024-03-12,-0.6303463,-0.5384586,-0.6045915285746256
2024-03-12,-0.59830755,-0.50258017,-0.5434476137161255
2024-03-12,-0.5310262,-0.45832777,-0.4997888406117757
2024-03-12,-0.46374482,-0.40266484,-0.45452425877253216
2024-03-12,-0.39646348,-0.3405636,-0.4005187352498372
2024-03-12,-0.2971434,-0.27324885,-0.3388257622718811
2024-03-12,-0.26510465,-0.20244667,-0.27208637197812396
2024-03-12,-0.1978233,-0.14188746,-0.20586099227269491
2024-03-12,-0.16578457,-0.074139416,-0.13949118057886759
2024-03-12,-0.13374583,-0.03475435,-0.08359374105930328
2024-03-12,-0.09850322,0.008680493,-0.03340442478656769
2024-03-12,0.036059484,0.05959204,0.01117272675037384
2024-03-12,0.068098225,0.13043705,0.06623652577400208
2024-03-12,0.13537957,0.19636616,0.12879841526349387
2024-03-12,0.16741832,0.25899562,0.19526627659797668
2024-03-12,0.19945705,0.29937235,0.25157804290453595
2024-03-12,0.2667384,0.34001222,0.2994600633780162
2024-03-12,0.29877713,0.3821883,0.340524286031723
2024-03-12,0.3660585,0.43303552,0.38507867852846783
2024-03-12,0.40130112,0.47854522,0.4312563439210256
2024-03-12,0.4365437,0.51809096,0.47655723492304486
2024-03-12,0.5358638,0.55846334,0.5183665057023367
2024-03-12,0.56790257,0.60149276,0.5593490203221639
2024-03-12,0.734504,0.6422845,0.6007468700408936
2024-03-12,0.76654273,0.7012738,0.6483503580093384
2024-03-12,0.7985815,0.7485919,0.6973834037780762
2024-03-12,0.8658628,0.79040647,0.7467573881149292
2024-03-12,0.9011054,0.81655633,0.785184899965922
2024-03-12,0.93314415,0.8433454,0.8167694012324015
2024-03-12,-2.1682057,-2.0801513,-0.1400831937789917
2024-03-12,-2.0720894,-1.9255632,-1.054123044013977
2024-03-12,-2.0048082,-1.8362514,-1.9473219712575276
2024-03-12,-1.9727694,-1.7761058,-1.8459734519322712
2024-03-12,-1.9407307,-1.7419678,-1.7847749789555867
2024-03-12,-1.905488,-1.7136098,-1.7438944578170776
2024-03-12,-1.8734493,-1.6901854,-1.7152543465296428
2024-03-12,-1.8414106,-1.6675192,-1.690438151359558
2024-03-12,-1.8093718,-1.6445765,-1.6674270629882812
2024-03-12,-1.7773331,-1.6221162,-1.6447373231252034
2024-03-12,-1.6107317,-1.5738041,-1.6134989658991497
2024-03-12,-1.5786929,-1.4989114,-1.5649439096450806
2024-03-12,-1.5466542,-1.4471318,-1.5066157579421997
2024-03-12,-1.5146154,-1.3973795,-1.4478075504302979
2024-03-12,-1.4793729,-1.369727,-1.4047460953394573
2024-03-12,-1.2454901,-1.3117139,-1.3596068223317463
2024-03-12,-1.2134513,-1.2248038,-1.30208158493042
2024-03-12,-1.1814126,-1.1525713,-1.2296963532765706
2024-03-12,-1.1493739,-1.0916544,-1.1563431819279988
2024-03-12,-1.1173351,-1.0682788,-1.104168176651001
2024-03-12,-1.0820925,-1.042806,-1.067579746246338
2024-03-12,-0.58228815,-0.8945931,-1.0018926461537678
2024-03-12,-0.51500684,-0.67183447,-0.8697445392608643
2024-03-12,-0.41568673,-0.49304777,-0.6864917874336243
2024-03-12,-0.38364798,-0.32343698,-0.4961064060529073
2024-03-12,-0.12093033,-0.21662562,-0.34437012175718945
2024-03-12,-0.088891596,-0.074815825,-0.20495947202046713
2024-03-12,0.30838877,0.07328363,-0.07271927098433177
2024-03-12,0.3756701,0.29114404,0.09653728206952412
2024-03-12,0.40770885,0.4151084,0.2598453611135483
2024-03-12,0.5743103,0.5349196,0.41372402509053546
2024-03-12,0.6095529,0.60305524,0.5176944235960642
2024-03-12,0.64159167,0.65462077,0.5975318749745687
2024-03-12,0.67363036,0.6980289,0.651901642481486
2024-03-12,0.708873,0.71749234,0.6900473435719808
2024-03-12,0.77615434,0.7366873,0.7174028555552164
2024-03-12,0.81139696,0.7634702,0.7392166058222452
2024-03-12,0.9779984,0.7899704,0.7633759578069051
2024-03-12,-2.1938367,-2.0873346,-0.1779646873474121
2024-03-12,-2.059274,-1.9305423,-1.075968861579895
2024-03-12,-1.9631578,-1.8278712,-1.9485827287038167
2024-03-12,-1.9279152,-1.7576487,-1.8386874198913574
2024-03-12,-1.8958764,-1.7155495,-1.7670231262842815
2024-03-12,-1.8638377,-1.6832417,-1.7188133001327515
2024-03-12,-1.7004402,-1.6344687,-1.6777532895406086
2024-03-12,-1.6651975,-1.5728244,-1.6301782528559368
2024-03-12,-1.6331588,-1.5234048,-1.5768992900848389
2024-03-12,-1.60112,-1.4729341,-1.5230544408162434
2024-03-12,-1.5690813,-1.4443969,-1.4802452723185222
2024-03-12,-1.5338387,-1.4161986,-1.4445098638534546
2024-03-12,-1.5018,-1.387886,-1.4161605040232341
2024-03-12,-1.4697613,-1.3599695,-1.388018051783244
2024-03-12,-1.4377224,-1.3327115,-1.3601890007654827
2024-03-12,-1.2358785,-1.2788162,-1.323832392692566
2024-03-12,-1.2038397,-1.2041515,-1.27189306418101
2024-03-12,-1.171801,-1.1385638,-1.2071771621704102
2024-03-12,-1.1365583,-1.0840647,-1.142259995142619
2024-03-12,-1.0019957,-1.0337783,-1.0854689280192058
2024-03-12,-0.9699569,-0.9834622,-1.0337684154510498
2024-03-12,-0.90267557,-0.90060365,-0.9726147254308065
2024-03-12,-0.8706368,-0.8358151,-0.9066269795099894
2024-03-12,-0.70403534,-0.7647959,-0.8337382078170776
2024-03-12,-0.67199665,-0.6621107,-0.7542405525843302
2024-03-12,-0.6399579,-0.5812218,-0.6693761348724365
2024-03-12,-0.4413177,-0.4757305,-0.573021004597346
2024-03-12,-0.409279,-0.38820463,-0.4817189872264862
2024-03-12,-0.14015357,-0.25874436,-0.3742265005906423
2024-03-12,-0.10491096,-0.09662354,-0.24785751104354858
2024-03-12,-0.07287223,-0.009399489,-0.121589129169782
2024-03-12,-0.040833488,0.080834284,-0.00839624802271525
2024-03-12,0.09372921,0.13506201,0.06883226831754048
2024-03-12,0.12576795,0.1996375,0.13851126531759897
2024-03-12,0.25712678,0.26903602,0.20124517877896628
2024-03-12,0.2923694,0.35356054,0.27407802144686383
2024-03-12,0.35644686,0.4150271,0.3458745578924815
2024-03-12,0.42372823,0.47376356,0.41411706805229187
2024-03-12,0.6223684,0.53597724,0.47492263714472455
2024-03-12,0.65440714,0.6170745,0.542271763086319
2024-03-12,0.7537272,0.6770047,0.610018809636434
2024-03-12,0.77615434,0.7383857,0.6774882872899374
2024-03-12,0.7889698,0.76950383,0.7282980680465698
2024-03-12,0.9203287,0.79271424,0.7668679157892863
2024-03-12,0.9523674,0.827116,0.7964446942011515
2024-03-12,-2.184225,-2.093656,-0.15794193744659424
2024-03-12,-2.1489825,-1.9501126,-1.072217543919881
2024-03-12,-2.1169438,-1.8921727,-1.9786471128463745
2024-03-12,-1.8157796,-1.7814909,-1.8745920658111572
2024-03-12,-1.7132556,-1.6755008,-1.783054788907369
2024-03-12,-1.5818968,-1.5996401,-1.6855439345041912
2024-03-12,-1.5466542,-1.479381,-1.5848406155904133
2024-03-12,-1.4793729,-1.4103131,-1.4964447418848674
2024-03-12,-1.447334,-1.3556051,-1.4150997400283813
2024-03-12,-1.3800528,-1.3149405,-1.3602862358093262
2024-03-12,-1.348014,-1.2719938,-1.31417977809906
2024-03-12,-1.3159753,-1.2366145,-1.274516224861145
2024-03-12,-1.248694,-1.1976234,-1.2354105313618977
2024-03-12,-1.1814126,-1.1557643,-1.1966673930486043
2024-03-12,-1.1493739,-1.110587,-1.1546582380930583
2024-03-12,-1.1141312,-1.0741967,-1.1135160128275554
2024-03-12,-0.9827724,-1.0170239,-1.067269206047058
2024-03-12,-0.95073366,-0.96370375,-1.018308122952779
2024-03-12,-0.9186949,-0.88396525,-0.9548976421356201
2024-03-12,-0.7520935,-0.80974364,-0.8858042160669962
2024-03-12,-0.72005475,-0.72090864,-0.8048725128173828
2024-03-12,-0.69442374,-0.63309383,-0.7212487061818441
2024-03-12,-0.45733708,-0.52283525,-0.6256125768025717
2024-03-12,-0.42209446,-0.41958863,-0.5251725713411967
2024-03-12,-0.08568772,-0.2608639,-0.4010959267616272
2024-03-12,0.013632368,-0.055159703,-0.24520407617092133
2024-03-12,0.045671105,0.07225256,-0.08125701546669006
2024-03-12,0.14819507,0.19874737,0.07194674015045166
2024-03-12,0.21227254,0.26898733,0.17999575038750967
2024-03-12,0.2795539,0.33424944,0.26732804377873737
2024-03-12,0.31159264,0.39743719,0.33355798323949176
2024-03-12,0.32120425,0.43948022,0.39038894573847455
2024-03-12,0.32440814,0.46382317,0.4335801899433136
2024-03-12,0.39168948,0.4785979,0.4606337646643321
2024-03-12,0.42372823,0.5055138,0.4826449553171794
2024-03-12,0.5582909,0.546247,0.5101195673147837
2024-03-12,0.59032965,0.60361135,0.551790714263916
2024-03-12,0.61596066,0.6483463,0.5994015534718832
2024-03-12,0.84023184,0.6845119,0.6454898516337076
2024-03-12,0.85945505,0.7436656,0.6921745936075846
2024-03-12,0.8914938,0.7978635,0.7420136531194051
2024-03-12,0.96197903,0.8470032,0.7961774269739786
2024-03-12,-1.9791771,-2.0081913,-0.1211082140604655
2024-03-12,-1.9471384,-1.8328155,-0.998001217842102
2024-03-12,-1.9150996,-1.7785467,-1.8731845219930012
2024-03-12,-1.8798571,-1.6956414,-1.7690012057622273
2024-03-12,-1.8414106,-1.671034,-1.7150740226109822
2024-03-12,-1.6491781,-1.6150337,-1.660569707552592
2024-03-12,-1.6171395,-1.5402158,-1.608761191368103
2024-03-12,-1.5658774,-1.4813175,-1.5455223719278972
2024-03-12,-1.5626736,-1.4253144,-1.4822825988133748
2024-03-12,-1.4953922,-1.3967034,-1.4344451030095418
2024-03-12,-1.4601496,-1.3634756,-1.3951644500096638
2024-03-12,-1.3960721,-1.3274382,-1.3625390529632568
2024-03-12,-1.3640333,-1.284782,-1.325231949488322
2024-03-12,-1.296752,-1.2441188,-1.2854463656743367
2024-03-12,-1.2615094,-1.2011507,-1.2433505058288574
2024-03-12,-1.2294707,-1.1646559,-1.2033084630966187
2024-03-12,-1.1333544,-1.119084,-1.1616301933924358
2024-03-12,-1.0981119,-1.0757897,-1.1198432048161824
2024-03-12,-1.0308305,-1.0319375,-1.075603723526001
2024-03-12,-0.99879175,-0.9765334,-1.0280868609746296
2024-03-12,-0.966753,-0.92343926,-0.9773033857345581
2024-03-12,-0.93471426,-0.8828138,-0.9275954961776733
2024-03-12,-0.8994717,-0.83464134,-0.8802981376647949
2024-03-12,-0.79054,-0.7876991,-0.835051417350769
2024-03-12,-0.6303463,-0.7033975,-0.7752459843953451
2024-03-12,-0.59830755,-0.59508467,-0.6953937609990438
2024-03-12,-0.4317061,-0.4731308,-0.5905376573403677
2024-03-12,-0.39966735,-0.37115595,-0.47979046901067096
2024-03-12,-0.3676286,-0.30005163,-0.38144612312316895
2024-03-12,-0.33238602,-0.23389022,-0.3016992658376694
2024-03-12,-0.10491096,-0.14836448,-0.22743544479211172
2024-03-12,-0.06966835,-0.032877095,-0.1383772666255633
2024-03-12,0.0008168728,0.052154258,-0.04302910715341568
2024-03-12,0.03285561,0.1500589,0.05644535273313522
2024-03-12,0.068098225,0.19393256,0.13204857210318247
2024-03-12,0.1321757,0.24098203,0.19499116142590842
2024-03-12,0.16421443,0.28444695,0.23978718121846518
2024-03-12,0.33081588,0.33118042,0.2855364680290222
2024-03-12,0.36285463,0.406679,0.34076879421869916
2024-03-12,0.39809722,0.4704837,0.40278103947639465
2024-03-12,0.49741733,0.5309911,0.4693845907847087
2024-03-12,0.53265995,0.5769478,0.5261408587296804
2024-03-12,0.63198,0.6179503,0.5752964019775391
2024-03-12,0.6672226,0.6660087,0.6203022797902426
2024-03-12,0.7313001,0.7011682,0.6617090702056885
2024-03-12,0.8626589,0.7386055,0.7019274632136027
2024-03-12,0.89790154,0.7849003,0.7415579954783121
2024-03-12,0.9299403,0.8308699,0.784791906674703
2024-03-12,0.9651829,0.86745346,0.8277412255605062
2024-03-12,-2.1714096,-2.0858347,-0.12917045752207437
2024-03-12,-2.139371,-1.965228,-1.0612030824025471
2024-03-12,-2.107332,-1.8901492,-1.980403979619344
2024-03-12,-2.008012,-1.8196639,-1.891680359840393
2024-03-12,-1.9727694,-1.7769847,-1.8289326032002766
2024-03-12,-1.9407307,-1.7503617,-1.7823367516199748
2024-03-12,-1.8734493,-1.7110692,-1.7461385329564412
2024-03-12,-1.7741293,-1.6657406,-1.7090571721394856
2024-03-12,-1.7420905,-1.6218561,-1.6662219762802124
2024-03-12,-1.7068479,-1.581729,-1.6231085856755574
2024-03-12,-1.6748091,-1.5412005,-1.5815952221552532
2024-03-12,-1.6395665,-1.5122631,-1.5450642108917236
2024-03-12,-1.6075277,-1.4801384,-1.5112006664276123
2024-03-12,-1.5402465,-1.4441421,-1.478847861289978
2024-03-12,-1.2070435,-1.3605124,-1.4282643000284831
2024-03-12,-1.171801,-1.2255812,-1.343411882718404
2024-03-12,-0.87704456,-1.0723047,-1.2194660902023315
2024-03-12,-0.84180194,-0.92179394,-1.0732266108194988
2024-03-12,-0.60791916,-0.76329184,-0.9191301663716634
2024-03-12,-0.5758804,-0.5912051,-0.7587636311848959
2024-03-12,-0.50859904,-0.49115467,-0.6152172088623047
2024-03-12,-0.47335646,-0.39731246,-0.4932240843772888
2024-03-12,-0.17539619,-0.29482132,-0.3944294850031535
2024-03-12,0.25712678,-0.018811986,-0.23698192338148752
2024-03-12,0.2923694,0.17264286,-0.046996816992759705
2024-03-12,-1.7452943,-1.7847997,-0.5436562746763229
2024-03-12,-1.6459743,-1.4953977,-1.0358515083789825
2024-03-12,-1.0788887,-1.4095587,-1.5632520119349163
2024-03-12,-1.0468498,-1.1837939,-1.3629167477289836
2024-03-12,-0.74568576,-1.0008893,-1.1980806191762288
2024-03-12,-0.68160826,-0.78683484,-0.9905060132344564
2024-03-12,-0.21384268,-0.5162451,-0.7679897546768188
2024-03-12,-0.14656132,-0.21347554,-0.5055185010035833
2024-03-12,-0.114522584,-0.11139621,-0.28037229180336
2024-03-12,-0.047241233,0.04526791,-0.09320127964019775
2024-03-12,-0.015202496,0.10153279,0.011801496148109436
2024-03-12,0.1193602,0.16344103,0.1034139096736908
2024-03-12,0.25071904,0.2457628,0.17024553815523782
2024-03-12,0.28596166,0.33518234,0.24812872211138406
2024-03-12,0.31800038,0.41115794,0.3307010233402252
2024-03-12,0.35003912,0.45891902,0.40175309777259827
2024-03-12,0.51664054,0.49464235,0.4549064338207245
2024-03-12,0.7441156,0.5767602,0.510107179482778
2024-03-12,0.7793582,0.6623541,0.5779188772042593
2024-03-12,-2.1938367,-2.0585673,-0.2731510003407796
2024-03-12,-2.161798,-1.9351373,-1.1104501485824585
2024-03-12,-2.0304391,-1.8647162,-1.9528069098790486
2024-03-12,-1.9663616,-1.7937964,-1.864549954732259
2024-03-12,-1.8990803,-1.7499474,-1.8028200070063274
2024-03-12,-1.8317989,-1.6941245,-1.7459561030069988
2024-03-12,-1.7965564,-1.6537496,-1.6992738246917725
2024-03-12,-1.7645177,-1.6211714,-1.656348466873169
2024-03-12,-1.7324789,-1.5882865,-1.6210691531499226
2024-03-12,-1.6331588,-1.5514338,-1.5869638919830322
2024-03-12,-1.60112,-1.5045255,-1.5480819543202717
2024-03-12,-1.5018,-1.4449936,-1.500317653020223
2024-03-12,-1.4377224,-1.3791088,-1.4428759813308716
2024-03-12,-1.2326746,-1.3026303,-1.3755775690078735
2024-03-12,-1.2006358,-1.2019209,-1.294553319613139
2024-03-12,-1.1333544,-1.1241502,-1.2095671097437541
2024-03-12,-1.1013157,-1.0537407,-1.1266039212544758
2024-03-12,-1.0660731,-1.0196673,-1.0658527215321858
2024-03-12,-0.93471426,-0.9629891,-1.0121323664983113
2024-03-12,-0.8994717,-0.89875984,-0.9604720671971639
2024-03-12,-0.66558886,-0.78900194,-0.8835836251576742
2024-03-12,-0.6015114,-0.6523771,-0.780046304066976
2024-03-12,-0.3355899,-0.48717228,-0.6428504486878713
2024-03-12,-0.26830852,-0.31488574,-0.4848117132981618
2024-03-12,-0.20102718,-0.1849934,-0.32901713748772937
2024-03-12,-0.1369497,-0.06302169,-0.18763360877831778
2024-03-12,-0.101707086,0.0013637543,-0.08221711218357086
2024-03-12,0.37887397,0.12716848,0.021836847066879272
2024-03-12,0.5134367,0.3389827,0.15583831071853638
2024-03-12,0.5454754,0.4936122,0.3199211259682973
2024-03-12,0.98120224,0.63100755,0.4878674844900767
2024-03-12,-2.1906328,-2.0692673,-0.31488250692685443
2024-03-12,-2.0913126,-1.9405771,-1.1262789567311604
2024-03-12,-2.0240314,-1.8570768,-1.955640395482381
2024-03-12,-0.053648982,0.047156975,-1.2501656462748845
2024-03-12,-0.46054095,-0.13578695,-0.6485689133405685
2024-03-12,-0.12093033,-0.19890781,-0.09584592779477437
2024-03-12,-0.088891596,0.01824227,-0.10548416276772817
2024-03-12,0.077709846,0.029790744,-0.050291597843170166
2024-03-12,0.112952456,0.180446,0.07615967094898224
2024-03-12,0.38528174,0.27436844,0.16153505941232046
2024-03-12,0.41732046,0.4146596,0.2898246745268504
2024-03-12,-1.4857806,-1.6158473,-0.30893977483113605
2024-03-12,-1.4537418,-1.3661106,-0.855766107638677
2024-03-12,-0.8610252,-1.2598768,-1.413944919904073
2024-03-12,-0.8257826,-0.9498265,-1.1919379631678264
2024-03-12,-0.7232586,-0.822762,-1.01082177956899
2024-03-12,-0.65597725,-0.630232,-0.8009401559829712
2024-03-12,-0.5566572,-0.5632751,-0.672089695930481
2024-03-12,-0.5214146,-0.4867554,-0.5600874920686086
2024-03-12,-0.024814118,-0.29349568,-0.4478420615196228
2024-03-12,0.0072246203,-0.043657556,-0.2746362139781316
2024-03-12,0.20266092,0.08810219,-0.08301701645056407
2024-03-12,0.23790354,0.2828652,0.10910327732563019
2024-03-12,0.4365437,0.37417182,0.24837973713874817
2024-03-12,0.46858245,0.49425963,0.3837655484676361
2024-03-12,0.53265995,0.5606544,0.4763619502385457
2024-03-12,0.56790257,0.6169528,0.5572889347871145
2024-03-12,0.59994125,0.6449292,0.6075121164321899
2024-03-12,0.66401875,0.67158353,0.6444884936014811
2024-03-12,0.69926137,0.70059943,0.672370711962382
2024-03-12,0.734504,0.72760725,0.6999300718307495
2024-03-12,0.80178535,0.7530538,0.7270868221918741
2024-03-12,0.8658628,0.78043544,0.7536988258361816
2024-03-12,0.9011054,0.815176,0.7828884124755859
2024-03-12,0.9651829,0.8489759,0.8148624499638876
2024-03-12,-2.2066522,-2.1253924,-0.1537468433380127
2024-03-12,-2.107332,-2.0223842,-1.0996002356211345
2024-03-12,-2.0752933,-1.871236,-2.006337523460388
2024-03-12,-1.7741293,-1.7821107,-1.8919102748235066
2024-03-12,-1.6748091,-1.673726,-1.7756908734639485
2024-03-12,-0.409279,-0.73396957,-1.3966020743052165
2024-03-12,-0.37724024,-0.3322476,-0.9133143822352091
2024-03-12,-0.11131871,-0.30254823,-0.45625513792037964
2024-03-12,-0.0760761,-0.041789383,-0.2255284090836843
2024-03-12,-0.04403736,0.03797242,-0.10212173064549764
2024-03-12,0.055282727,0.13839883,0.044860621293385826
2024-03-12,0.09052534,0.19009206,0.122154434521993
2024-03-12,0.45256308,0.28594074,0.20481053988138834
2024-03-12,0.4878057,0.44354013,0.3065243065357208
2024-03-12,0.5198444,0.54385316,0.42444467544555664
2024-03-12,0.55508703,0.6214131,0.536268800497055
2024-03-12,0.58071804,0.64248204,0.6025827725728353
2024-03-12,0.5871258,0.6614759,0.6417903502782186
2024-03-12,0.6191645,0.67498803,0.6596486568450928
2024-03-12,0.6512033,0.68810546,0.6748564640680949
2024-03-12,0.7216885,0.70524776,0.6894470850626627
2024-03-12,0.82100856,0.7327447,0.7086993058522543
2024-03-12,0.88508606,0.7754487,0.7378137111663818
2024-03-12,0.9491635,0.8241526,0.7774486541748047
2024-03-12,-2.1521864,-2.1017907,-0.16739646593729654
2024-03-12,-2.1201477,-2.0029206,-1.0935195684432983
2024-03-12,-2.0528662,-1.8692707,-1.9913273255030315
2024-03-12,-2.0176237,-1.8214761,-1.8978891372680664
2024-03-12,-1.9503423,-1.7899532,-1.8269000053405762
2024-03-12,-1.780537,-1.7251099,-1.7788464228312175
2024-03-12,-1.5498581,-1.62703,-1.7140310605367024
2024-03-12,-1.5178193,-1.5234748,-1.6252049207687378
2024-03-12,-1.4857806,-1.4154102,-1.5219716628392537
2024-03-12,-1.4505379,-1.346416,-1.4284336566925049
2024-03-12,-1.3832567,-1.3103802,-1.3574021259943645
2024-03-12,-1.3159753,-1.263764,-1.3068534135818481
2024-03-12,-1.2807326,-1.2114142,-1.2618528207143147
2024-03-12,-1.1814126,-1.1501862,-1.2084548075993855
2024-03-12,-1.0852964,-1.0795447,-1.1470483541488647
2024-03-12,-1.0500537,-1.0122442,-1.0806583563486736
2024-03-12,-0.9859763,-0.93835866,-1.0100491841634114
2024-03-12,-0.95073366,-0.87304366,-0.9412155151367188
2024-03-12,-0.9186949,-0.8240173,-0.8784732023874918
2024-03-12,-0.88665617,-0.7843852,-0.8271487156550089
2024-03-12,-0.85141355,-0.7500613,-0.786154588063558
2024-03-12,-0.8193748,-0.7140753,-0.7495072682698568
2024-03-12,-0.7873361,-0.683679,-0.7159385283788046
2024-03-12,-0.7520935,-0.6554203,-0.6843915383021036
2024-03-12,-0.688016,-0.62420607,-0.6544351180394491
2024-03-12,-0.6527734,-0.5885463,-0.6227242151896158
2024-03-12,-0.61753076,-0.55105555,-0.5879359642664591
2024-03-12,-0.5534533,-0.5048665,-0.5481561024983724
2024-03-12,-0.5214146,-0.45983785,-0.5052532951037089
2024-03-12,-0.4541332,-0.4086553,-0.45778654019037884
2024-03-12,-0.39005575,-0.3445887,-0.4043606122334798
2024-03-12,-0.2586969,-0.25464165,-0.33596187829971313
2024-03-12,-0.12733808,-0.12740591,-0.24221208691596985
2024-03-12,-0.09529934,-0.02068606,-0.1342445413271586
2024-03-12,0.0008168728,0.06478262,-0.027769784132639568
2024-03-12,0.036059484,0.14208534,0.06206063429514567
2024-03-12,0.10013696,0.18989554,0.13225450118382773
2024-03-12,0.1321757,0.24531737,0.19243275125821432
2024-03-12,0.2667384,0.297735,0.24431597193082175
2024-03-12,0.49741733,0.39993152,0.31432796518007916
2024-03-12,0.5967374,0.51747704,0.40504785378774005
2024-03-12,0.63198,0.614421,0.5106098552544912
2024-03-12,0.66401875,0.6792487,0.6037155787150065
2024-03-12,0.7313001,0.7129431,0.6688709259033203
2024-03-12,0.76333886,0.7401271,0.7107729514439901
2024-03-12,0.89469767,0.7703842,0.7411514520645142
2024-03-12,0.9267364,0.8169278,0.7758130232493082
2024-03-12,0.96197903,0.8598869,0.8157329559326172
2024-03-12,-2.1425748,-2.1087956,-0.14399365584055582
2024-03-12,-2.110536,-2.0214248,-1.0901111761728923
2024-03-12,-2.0784972,-1.8724283,-2.000882903734843
2024-03-12,-2.0464585,-1.836861,-1.9102380275726318
2024-03-12,-2.011216,-1.8147222,-1.8413371642430623
2024-03-12,-1.8798571,-1.7712938,-1.807625651359558
2024-03-12,-1.8478184,-1.7245761,-1.7701973517735798
2024-03-12,-1.7164595,-1.686555,-1.7274749676386516
2024-03-12,-1.6844207,-1.614451,-1.6751940647761028
2024-03-12,-1.6171395,-1.5520974,-1.6177011728286743
2024-03-12,-1.5498581,-1.4881703,-1.5515729188919067
2024-03-12,-1.5178193,-1.4361101,-1.4921259482701619
2024-03-12,-1.447334,-1.3830898,-1.4357900619506836
2024-03-12,-1.248694,-1.3025646,-1.373921513557434
2024-03-12,-1.2166551,-1.2004977,-1.2953840494155884
2024-03-12,-1.1846164,-1.124894,-1.2093187967936199
2024-03-12,-0.91549104,-1.0123752,-1.1125890016555786
2024-03-12,-0.8802484,-0.910319,-1.0158627430597942
2024-03-12,-0.7488896,-0.7896868,-0.9041270017623901
2024-03-12,-0.713647,-0.66550934,-0.7885050376256307
2024-03-12,-0.68160826,-0.60856164,-0.6879192590713501
2024-03-12,-0.61753076,-0.5578188,-0.6106299161911011
2024-03-12,-0.35481313,-0.4819691,-0.5494498312473297
2024-03-12,-0.29073563,-0.33406013,-0.45794933040936786
2024-03-12,-0.25549304,-0.20477411,-0.34026777744293213
2024-03-12,-0.2234543,-0.09291587,-0.21058337142070135
2024-03-12,-0.09209547,-0.035122015,-0.11093733211358388
2024-03-12,-0.06005673,0.034947872,-0.031030004223187763
2024-03-12,0.03926336,0.095564276,0.03179671118656794
2024-03-12,0.07130209,0.1704776,0.10032991568247478
2024-03-12,0.3404275,0.25073144,0.1722577710946401
2024-03-12,0.3756701,0.37839642,0.26653515299161273
2024-03-12,0.44615534,0.46674106,0.36528963843981427
2024-03-12,0.4781941,0.5547627,0.466633399327596
2024-03-12,-1.9279152,-1.8769981,-0.2851647635300954
2024-03-12,-1.8958764,-1.7926575,-1.0382976134618123
2024-03-12,-0.101707086,-0.06422895,-1.2446281711260478
2024-03-12,0.15460281,0.12541977,-0.5771555602550507
2024-03-12,-0.22986205,0.06178136,0.04099072515964508
2024-03-12,-0.22665817,0.12667945,0.10462685922781627
2024-03-12,-0.079279974,0.0641859,0.08421557148297627
2024-03-12,-2.1201477,-1.7896636,-0.5329327334960302
2024-03-12,-2.0881088,-1.8977835,-1.2077537228663762
2024-03-12,-1.3287908,-1.5904168,-1.75928795337677
2024-03-12,-0.9122872,-1.2017068,-1.5633023579915364
2024-03-12,-0.8802484,-1.0476502,-1.2799245913823445
2024-03-12,0.6479994,0.34000018,-0.6364522675673167
2024-03-12,0.68003815,0.53445935,-0.05773022770881653
2024-03-12,-1.8542261,-1.918211,-0.34791714946428937
2024-03-12,-1.8510222,-1.8643054,-1.0826856692632039
2024-03-12,0.27635002,0.23857063,-1.1813152432441711
2024-03-12,0.30838877,0.21274558,-0.4709963897864024
2024-03-12,0.5743103,0.40151712,0.2842777768770854
2024-03-12,0.60634905,0.5603334,0.391532023747762
2024-03-12,0.97159064,0.6736505,0.5451669991016388
2024-03-12,-2.2002444,-2.1051402,-0.2903854449590047
2024-03-12,-2.0977204,-2.067236,-1.1662418842315674
2024-03-12,-1.6651975,-1.7646986,-1.9790249268213909
2024-03-12,-1.6331588,-1.6961099,-1.8426814874013264
2024-03-12,-0.9283065,-1.3991145,-1.6199743350346882
2024-03-12,-0.8930639,-1.0227714,-1.372665246327718
2024-03-12,-0.021610243,-0.49512982,-0.9723385572433472
2024-03-12,0.042467233,-0.009441242,-0.5091141412655512
2024-03-12,0.9459596,0.3387662,-0.05526829262574514
2024-03-12,-2.1906328,-2.098218,-0.5896310061216354
2024-03-12,-1.4921883,-1.9710854,-1.243512401978175
2024-03-12,-1.4281108,-1.4794647,-1.8495893478393555
2024-03-12,-0.5278223,-1.0709342,-1.5071614185969036
2024-03-12,-0.4925797,-0.50711334,-1.0191707213719685
2024-03-12,-0.42529833,-0.5007021,-0.6929165323575338
2024-03-12,-0.3932596,-0.32959145,-0.4458022912343343
2024-03-12,-0.12733808,-0.20933874,-0.3465440919001897
2024-03-12,-0.09529934,-0.07129896,-0.20340971648693085
2024-03-12,0.24431129,0.08077161,-0.06662202874819438
2024-03-12,0.27635002,0.25680837,0.08876034120718639
2024-03-12,0.31159264,0.35443762,0.23067253331343332
2024-03-12,0.3436314,0.4336371,0.34829436739285785
2024-03-12,0.63838774,0.49513325,0.4277359942595164
2024-03-12,0.67363036,0.5909339,0.5065680940945944
2024-03-12,0.7409117,0.6618476,0.5826382537682852
2024-03-12,0.77615434,0.7340412,0.6622742414474487
2024-03-12,-1.9631578,-2.0004294,-0.20151352882385254
2024-03-12,-1.9311191,-1.9485458,-1.07164466381073
2024-03-12,-1.5050038,-1.6449891,-1.864654779434204
2024-03-12,-1.4697613,-1.5623279,-1.7186209360758464
2024-03-12,-1.373645,-1.4167134,-1.5413434505462646
2024-03-12,-1.3544217,-1.2916648,-1.4235686858495076
2024-03-12,-1.3384024,-1.2529122,-1.3204301198323567
2024-03-12,-1.3191792,-1.2215077,-1.255361557006836
2024-03-12,-1.7484982,-1.2263302,-1.2335833311080933
2024-03-12,-1.2615094,-1.3096687,-1.252502163251241
2024-03-12,-1.2230629,-1.2582508,-1.2647498846054077
2024-03-12,-0.0055908747,-0.46087897,-1.0095994869867961
2024-03-12,0.029651737,0.00015693903,-0.5729909539222717
2024-03-12,0.22829191,0.08015044,-0.12685719629128775
2024-03-12,0.26033065,0.3017805,0.12736262381076813
2024-03-12,0.5262522,0.4049842,0.2623050461212794
2024-03-12,0.5582909,0.51655006,0.40777158737182617
2024-03-12,-2.1778173,-1.9879485,-0.3554714222749074
2024-03-12,-2.1457787,-1.9972842,-1.1562275489171345
2024-03-12,-1.3031598,-1.6249685,-1.8700670798619587
2024-03-12,-1.271121,-1.3737665,-1.665339748064677
2024-03-12,-1.2358785,-1.3128711,-1.4372020562489827
2024-03-12,-1.2038397,-1.1314929,-1.2727101643880208
2024-03-12,-0.69442374,-0.9854703,-1.1432780822118123
2024-03-12,0.6191645,0.29915634,-0.6059356033802032
2024-03-12,-2.0913126,-1.8662623,-0.8508587578932444
2024-03-12,-2.059274,-1.9047519,-1.1572859585285187
2024-03-12,-1.524227,-1.6852595,-1.8187578916549683
2024-03-12,-1.4889845,-1.5992929,-1.7297680775324504
2024-03-12,-1.1589855,-1.394571,-1.559707760810852
2024-03-12,-1.1269467,-1.1732676,-1.3890438079833984
2024-03-12,-0.5918998,-0.95876074,-1.1755330959955852
2024-03-12,-0.55986106,-0.66182864,-0.9312856594721476
2024-03-12,0.16741832,-0.22402531,-0.6148715615272522
2024-03-12,0.20266092,0.09215838,-0.2645651896794637
2024-03-12,-1.806168,-1.8149287,-0.6489318609237671
2024-03-12,-1.9215075,-1.7945157,-1.1724286675453186
2024-03-12,-0.03762961,-0.20251521,-1.2706531981627147
2024-03-12,-0.0055908747,0.035780847,-0.6537500321865082
2024-03-12,-2.1778173,-1.860396,-0.6757101317246755
2024-03-12,-2.1457787,-1.9768628,-1.2671593228975933
2024-03-12,-2.0752933,-1.8077749,-1.8816779057184856
2024-03-12,-1.7484982,-1.7970384,-1.8605587085088093
2024-03-12,-1.7132556,-1.7278527,-1.7775553464889526
2024-03-12,-1.7452943,-1.6606921,-1.7285277446111043
2024-03-12,-1.2326746,-1.5038427,-1.6307958364486694
2024-03-12,-1.1333544,-1.2968189,-1.487117886543274
2024-03-12,-1.1013157,-1.1626433,-1.3211016257603962
2024-03-12,-1.0885003,-1.0147645,-1.1580755710601807
2024-03-12,-1.0660731,-0.973276,-1.050227959950765
2024-03-12,-1.0308305,-0.94956887,-0.9792031447092692
2024-03-12,-0.9955879,-0.9211788,-0.9480079015096029
2024-03-12,-0.95393753,-0.8857039,-0.9188172022501627
2024-03-12,-0.7232586,-0.8132477,-0.8733768065770467
2024-03-12,-0.62714237,-0.6948558,-0.7979358037312826
2024-03-12,-0.05044511,-0.4063832,-0.638162225484848
2024-03-12,-1.8029641,-1.3688735,-0.8233708242575327
2024-03-12,-0.90587944,-1.4214263,-1.0655609865983326
2024-03-12,0.5935335,0.40037903,-0.7966402471065521
2024-03-12,0.82100856,0.4039651,-0.20569405953089395
2024-03-12,0.91392094,0.5696912,0.4580117662747701
2024-03-12,-0.8257826,-1.006595,-0.010979582866032919
2024-03-12,-0.81296706,-1.111411,-0.5161049365997314
2024-03-12,-0.8001516,-0.6341941,-0.9174000223477682
2024-03-12,-0.72966635,-0.6527281,-0.7994443774223328
2024-03-12,-0.7168509,-0.6151897,-0.6340372761090597
2024-03-12,-0.7072393,-0.5893458,-0.6190878550211588
2024-03-13,-0.002387001,-0.5746833,-0.5930729309717814
2024-03-13,-1.7260711,-1.5470763,-0.9037018219629923
2024-03-13,-1.806168,-1.3097125,-1.1438240607579548
2024-03-13,-1.7452943,-1.549182,-1.4686569770177205
2024-03-13,-1.7484982,-1.6777275,-1.5122073491414387
2024-03-13,0.33722362,0.07254726,-1.0514540870984395
2024-03-13,0.4365437,0.19821891,-0.468987097342809
2024-03-13,-1.3159753,-1.3927413,-0.373991717894872
2024-03-13,-0.6784044,-0.5744334,-0.5896519323190054
2024-03-13,-1.4281108,-1.0835522,-1.0169089833895366
2024-03-13,-1.4152954,-1.1459163,-0.9346339901288351
2024-03-13,-1.7452943,-1.367581,-1.199016531308492
2024-03-13,-1.3384024,-1.5072197,-1.3402390082677205
2024-03-13,-1.322383,-1.4687825,-1.4478610754013062
2024-03-13,-1.8542261,-1.4334089,-1.4698036909103394
2024-03-13,-2.0656817,-1.5034027,-1.4685313701629639
2024-03-13,-1.7452943,-1.6034981,-1.5134365558624268
2024-03-13,-1.9631578,-1.6659738,-1.5909581979115803
2024-03-13,-1.1237428,-1.6158448,-1.628438909848531
2024-03-13,-1.7452943,-1.4774449,-1.5864211718241374
2024-03-13,-1.7452943,-1.4775907,-1.5236268043518066
2024-03-13,-1.018015,-1.4068753,-1.4539702733357747
2024-03-13,-1.8766532,-1.3959708,-1.4268122514088948
2024-03-13,-1.8414106,-1.4151071,-1.4059844017028809
2024-03-13,0.6095529,0.54470825,-0.7554565668106079
2024-03-13,-1.9855849,-1.1801858,-0.6835282246271769
2024-03-13,-1.9503423,-1.4301578,-0.6885451078414917
2024-03-13,-1.142966,-1.4826896,-1.3643443981806438
2024-03-13,-1.0564615,-1.2517623,-1.388203223546346
2024-03-13,-0.25549304,-0.71645343,-1.1503017743428547
2024-03-13,-0.2234543,-0.28965923,-0.7526249786218008
2024-03-13,0.2411074,0.007934362,-0.3327261010805766
2024-03-13,0.27635002,0.21335366,-0.02279040217399597
2024-03-13,0.4749902,0.35465154,0.19197985529899597
2024-03-13,0.50702894,0.5138904,0.36063186327616376
2024-03-13,-2.136167,-1.9543909,-0.3619496524333954
2024-03-13,-2.1009243,-1.8707325,-1.103744347890218
2024-03-13,-1.5434504,-1.6792489,-1.834790786107381
2024-03-13,-1.5082077,-1.5696837,-1.7065550486246746
2024-03-13,-1.2743249,-1.4327792,-1.5605705976486206
2024-03-13,-1.2422862,-1.2547755,-1.4190794626871746
2024-03-13,-0.4188906,-0.9635153,-1.2170233329137166
2024-03-13,-0.38364798,-0.4896511,-0.9026473065217336
2024-03-13,-1.4697613,-0.6963396,-0.7165020008881887
2024-03-13,-1.4377224,-1.0634018,-0.7497975130875906
2024-03-13,-0.04403736,-0.27064323,-0.6767948865890503
2024-03-13,-0.008794748,-0.06444626,-0.4661637718478839
2024-03-13,0.058486603,0.07923171,-0.08528592934211095
2024-03-13,0.7537272,0.30519655,0.10666066656510036
2024-03-13,0.910717,0.49138293,0.29193706313769024
2024-03-13,0.94275576,0.7211579,0.5059124628702799
2024-03-13,0.9747945,0.85354125,0.688694030046463
2024-03-13,-2.1970406,-2.1104214,-0.1785740852355957
2024-03-13,-1.2294707,-1.807035,-1.0213050444920857
2024-03-13,-1.1621894,-1.2722429,-1.7298997640609741
2024-03-13,-0.76811284,-1.1109025,-1.3967268069585164
2024-03-13,-0.7360741,-0.8487209,-1.0772887865702312
2024-03-13,-0.7008315,-0.69100034,-0.8835412661234537
2024-03-13,-0.6687928,-0.58294445,-0.7075552344322205
2024-03-13,-0.63675404,-0.551579,-0.6085079312324524
2024-03-13,-0.43490997,-0.4830122,-0.5391785502433777
2024-03-13,-0.40287122,-0.3945364,-0.47637586792310077
2024-03-13,-0.3708325,-0.30917722,-0.39557527502377826
2024-03-13,-0.30034727,-0.21394259,-0.3058854043483734
2024-03-13,-0.23306592,-0.15102026,-0.22471335530281067
2024-03-13,-0.13374583,-0.07889901,-0.1479539523522059
2024-03-13,-0.09850322,0.0005786717,-0.07644686599572499
2024-03-13,0.036059484,0.073379904,-0.0016468117634455364
2024-03-13,0.068098225,0.16406605,0.07934154073397319
2024-03-13,0.17062218,0.22807714,0.15517436464627585
2024-03-13,0.20266092,0.29947525,0.23053948084513345
2024-03-13,0.49741733,0.37130323,0.29961854219436646
2024-03-13,0.53265995,0.5029421,0.3912401894728343
2024-03-13,0.5646987,0.57892406,0.4843897918860118
2024-03-13,0.5967374,0.64470017,0.5755221048990885
2024-03-13,0.734504,0.6643218,0.6293153365453085
2024-03-13,0.76654273,0.70507,0.6713639895121256
2024-03-13,0.89790154,0.7530645,0.7074854373931885
2024-03-13,0.9651829,0.8112049,0.7564464807510376
2024-03-13,-2.2066522,-2.117162,-0.18429752190907797
2024-03-13,-2.110536,-2.0223258,-1.1094276110331218
2024-03-13,-1.9759732,-1.8382549,-1.9925808906555176
2024-03-13,-1.9439346,-1.7845877,-1.8817228078842163
2024-03-13,-1.9118958,-1.7484324,-1.7904250224431355
2024-03-13,-1.8478184,-1.7046618,-1.7458939949671428
2024-03-13,-1.8157796,-1.6728352,-1.7086431582768757
2024-03-13,-1.780537,-1.6481625,-1.6752198537190754
2024-03-13,-1.5818968,-1.5855922,-1.6355299552281697
2024-03-13,-1.447334,-1.4950742,-1.5762762626012166
2024-03-13,-1.4120915,-1.3880994,-1.4895885785420735
2024-03-13,-1.3800528,-1.303463,-1.395545522371928
2024-03-13,-1.348014,-1.2561606,-1.3159076770146687
2024-03-13,-1.3127714,-1.2275976,-1.2624070644378662
2024-03-13,-1.2775288,-1.1986207,-1.2274596293767293
2024-03-13,-1.2102474,-1.1638516,-1.1966899633407593
2024-03-13,-1.1750048,-1.1241757,-1.1622159878412883
2024-03-13,-1.142966,-1.0846095,-1.1242122650146484
2024-03-13,-1.1109273,-1.04712,-1.0853017171223958
2024-03-13,-1.0788887,-1.0148647,-1.048864722251892
2024-03-13,-1.0468498,-0.9804292,-1.0141379435857136
2024-03-13,-1.0116073,-0.9435741,-0.9796226421991984
2024-03-13,-0.9475298,-0.90115297,-0.9417187372843424
2024-03-13,-0.91549104,-0.85394835,-0.8995584646860758
2024-03-13,-0.8482097,-0.80347383,-0.8528583844502767
2024-03-13,-0.81617093,-0.7552918,-0.8042380015055338
2024-03-13,-0.7809283,-0.707988,-0.7555845578511556
2024-03-13,-0.7168509,-0.65907705,-0.7074522972106934
2024-03-13,-0.68160826,-0.6137593,-0.6602747837702433
2024-03-13,-0.6143269,-0.5637299,-0.6121887365976969
2024-03-13,-0.58228815,-0.5144985,-0.563995877901713
2024-03-13,-0.5502494,-0.46817535,-0.515467902024587
2024-03-13,-0.5182107,-0.42665616,-0.4697766602039337
2024-03-13,-0.45092934,-0.38678768,-0.4272063970565796
2024-03-13,-0.4188906,-0.33774555,-0.38372979561487836
2024-03-13,-0.38364798,-0.2929402,-0.3391578098138173
2024-03-13,-0.35160926,-0.24580362,-0.29216312368710834
2024-03-13,-0.2843279,-0.19183794,-0.2435272534688314
2024-03-13,-0.053648982,-0.0992556,-0.17896572003761926
2024-03-13,-0.021610243,0.02263324,-0.08948676536480586
2024-03-13,0.013632368,0.10378632,0.009054653346538544
2024-03-13,0.27635002,0.2131392,0.11318625509738922
2024-03-13,0.30838877,0.31975564,0.21222705642382303
2024-03-13,0.5743103,0.43217078,0.32168854276339215
2024-03-13,0.64159167,0.56614804,0.4393581549326579
2024-03-13,0.708873,0.6426854,0.5470014115174612
2024-03-13,0.73770785,0.711442,0.6400918165842692
2024-03-13,0.7729505,0.74323213,0.6991198460261027
2024-03-13,0.8049892,0.7681773,0.7409504652023315
2024-03-13,0.8722705,0.7880634,0.7664909362792969
2024-03-13,0.90751314,0.8164532,0.7908979654312134
2024-03-13,0.9395519,0.84544766,0.8166547616322836
2024-03-13,0.97159064,0.8709363,0.8442790508270264
2024-03-13,-2.1970406,-2.1191993,-0.13427178064982095
2024-03-13,-2.0688856,-2.0174208,-1.0885612567265828
2024-03-13,-2.0016043,-1.8313102,-1.9893100659052532
2024-03-13,-1.9695655,-1.7944869,-1.8810726006825764
2024-03-13,-1.9022841,-1.7492714,-1.7916894753774006
2024-03-13,-1.6043239,-1.656686,-1.7334814071655273
2024-03-13,-1.5370426,-1.5570414,-1.6543329159418743
2024-03-13,-1.4729651,-1.4559795,-1.55656894048055
2024-03-13,-1.1685971,-1.3174471,-1.4434893131256104
2024-03-13,-1.0372382,-1.1602578,-1.3112281163533528
2024-03-13,-0.9379182,-1.0205159,-1.1660736004511516
2024-03-13,-0.90267557,-0.8797656,-1.0201797882715862
2024-03-13,-0.7360741,-0.7824143,-0.8942319552103678
2024-03-13,-0.57267654,-0.67076993,-0.7776499589284261
2024-03-13,-0.409279,-0.50545025,-0.6528781652450562
2024-03-13,-0.37403637,-0.37218842,-0.5161361992359161
2024-03-13,-0.23947367,-0.23355414,-0.37039760251839954
2024-03-13,-0.14015357,-0.1083236,-0.23802205175161362
2024-03-13,0.12256408,0.014062017,-0.10927190631628036
2024-03-13,0.15460281,0.17368367,0.026474031309286754
2024-03-13,0.22188416,0.2798203,0.15585532784461975
2024-03-13,0.2539229,0.36191198,0.2718053162097931
2024-03-13,0.32120425,0.40426853,0.3486669361591339
2024-03-13,0.35644686,0.45125243,0.40581098198890686
2024-03-13,0.4878057,0.49893412,0.4514850278695424
2024-03-13,0.55508703,0.55796003,0.502715528011322
2024-03-13,0.5871258,0.60881424,0.5552361309528351
2024-03-13,0.7889698,0.6531031,0.6066257953643799
2024-03-13,0.8562512,0.72031605,0.6607444683710734
2024-03-13,0.8914938,0.7839683,0.7191291650136312
2024-03-13,0.9555713,0.83678293,0.7803557713826498
2024-03-13,0.9908139,0.8694496,0.830066959063212
2024-03-13,-1.9535462,-2.0415275,-0.11176498730977376
2024-03-13,-1.9150996,-1.9004148,-1.0241642395655315
2024-03-13,-1.8830609,-1.7630069,-1.9016497532526653
2024-03-13,-1.780537,-1.6775006,-1.780307451883952
2024-03-13,-1.7484982,-1.6339765,-1.6914946635564168
2024-03-13,-1.5818968,-1.5818387,-1.6311052640279133
2024-03-13,-1.5466542,-1.5000075,-1.5719408988952637
2024-03-13,-1.447334,-1.4228783,-1.5015748341878254
2024-03-13,-1.4152954,-1.3431145,-1.4220000902811687
2024-03-13,-1.3832567,-1.2983099,-1.3547675609588623
2024-03-13,-1.348014,-1.2578781,-1.2997674942016602
2024-03-13,-1.1141312,-1.1979216,-1.251369873682658
2024-03-13,-1.0820925,-1.0991982,-1.1849993069966633
2024-03-13,-1.0500537,-1.0183485,-1.1051561037699382
2024-03-13,-1.018015,-0.947685,-1.021743893623352
2024-03-13,-0.3195705,-0.7502692,-0.9054342110951742
2024-03-13,-0.28753176,-0.34723762,-0.6817305982112885
2024-03-13,-0.056852855,-0.16810635,-0.4218710462252299
2024-03-13,-0.024814118,0.027890474,-0.16248449683189392
2024-03-13,0.0072246203,0.099900275,-0.013438532749811808
2024-03-13,0.14178732,0.19782996,0.10854023694992065
2024-03-13,0.17702994,0.26019534,0.18597519397735596
2024-03-13,0.40770885,0.3347338,0.26425304015477497
2024-03-13,0.44295147,0.45230475,0.349077969789505
2024-03-13,0.6127568,0.53460264,0.44054706891377765
2024-03-13,0.6768342,0.62109685,0.5360014140605927
2024-03-13,0.77615434,0.67975223,0.6118172407150269
2024-03-13,0.81139696,0.74008894,0.6803126732508341
2024-03-13,0.8434357,0.7809578,0.7335996627807617
2024-03-13,0.9459596,0.8136511,0.7782326141993204
2024-03-13,0.98120224,0.84978354,0.8147974809010824
2024-03-13,-2.0272353,-2.0705879,-0.1357177495956421
2024-03-13,-1.9951966,-1.9617649,-1.0608564217885335
2024-03-13,-1.8958764,-1.7773858,-1.9365795453389485
2024-03-13,-1.7997602,-1.7034081,-1.8141862948735554
2024-03-13,-1.5979161,-1.6250983,-1.7019641002019246
2024-03-13,-1.5658774,-1.5419668,-1.6234910885492961
2024-03-13,-1.4633535,-1.4454212,-1.537495454152425
2024-03-13,-1.4313147,-1.3578218,-1.448403278986613
2024-03-13,-1.3351985,-1.3005785,-1.3679405053456624
2024-03-13,-1.2999558,-1.2356604,-1.2980202436447144
2024-03-13,-1.2679172,-1.1906505,-1.2422964572906494
2024-03-13,-1.2358785,-1.151893,-1.1927346388498943
2024-03-13,-1.1685971,-1.1187459,-1.1537631352742512
2024-03-13,-0.90587944,-1.0306908,-1.1004432439804077
2024-03-13,-0.77772444,-0.90006316,-1.0164999564488728
2024-03-13,-0.7424818,-0.7585226,-0.8964255253473917
2024-03-13,-0.5118029,-0.6055999,-0.7547285556793213
2024-03-13,-0.4797642,-0.48107186,-0.6150647898515066
2024-03-13,-0.44452158,-0.39155397,-0.4927419026692708
2024-03-13,-0.409279,-0.31526938,-0.3959650695323944
2024-03-13,-0.2747163,-0.24898548,-0.3186029444138209
2024-03-13,-0.24267754,-0.15512815,-0.23979433874289194
2024-03-13,-0.20743492,-0.09510675,-0.1664067953824997
2024-03-13,-0.17539619,-0.035410628,-0.09521517654259999
2024-03-13,-0.14015357,-0.0010843873,-0.04386725525061289
2024-03-13,0.16101056,0.08110137,0.014868785937627157
2024-03-13,0.1930493,0.2068722,0.09562972684701283
2024-03-13,0.35965073,0.31741214,0.20179523527622223
2024-03-13,0.39168948,0.44441912,0.3229011495908101
2024-03-13,0.59032965,0.51435053,0.42539392908414203
2024-03-13,0.6223684,0.59683895,0.5185362001260122
2024-03-13,0.68964976,0.65527403,0.5888211727142334
2024-03-13,0.7216885,0.70646596,0.652859648068746
2024-03-13,-2.081701,-2.0131638,-0.2171412706375122
2024-03-13,-2.0464585,-1.931008,-1.079235275586446
2024-03-13,-2.011216,-1.8118459,-1.9186725616455078
2024-03-13,-1.9439346,-1.7774634,-1.8401057720184326
2024-03-13,-0.42209446,-0.55133736,-1.3802155653635662
2024-03-13,-0.39005575,-0.24167877,-0.8568265239397684
2024-03-13,-0.9379182,-0.41323915,-0.4020850956439972
2024-03-13,-0.90587944,-0.4457034,-0.36687377095222473
2024-03-13,0.09052534,-0.22263306,-0.3605252007643382
2024-03-13,0.35965073,0.24794456,-0.14013062914212546
2024-03-13,0.3660585,0.31671795,0.11400981744130452
2024-03-13,-1.806168,-1.8156482,-0.41699522733688354
2024-03-13,-1.806168,-1.7120838,-1.0703380207220714
2024-03-13,-0.21384268,-0.28764945,-1.271793822447459
2024-03-13,-1.1814126,-0.43116334,-0.810298870007197
2024-03-13,-0.62714237,-0.5798416,-0.432884802420934
2024-03-13,-0.5951037,-0.5391078,-0.5167042513688406
2024-03-13,-0.5694727,-0.5417018,-0.5535504023234049
2024-03-13,-0.31636664,-0.3976707,-0.49282675981521606
2024-03-13,-1.3928683,-0.51498973,-0.4847874045372009
2024-03-13,-0.3452015,-0.67629635,-0.5296522577603658
2024-03-13,-0.30995888,-0.34822,-0.5131686925888062
2024-03-13,-1.8542261,-1.4776009,-0.8340390920639038
2024-03-13,-1.8221873,-1.6811459,-1.1689889430999756
2024-03-13,-1.6459743,-1.5462905,-1.5683457851409912
2024-03-13,-1.6139356,-1.5725173,-1.5999845663706462
2024-03-13,-1.348014,-1.4661424,-1.5283167362213135
2024-03-13,-1.3127714,-1.3207117,-1.4531238079071045
2024-03-13,-0.60791916,-1.0386701,-1.2751747369766235
2024-03-13,-0.6047153,-0.6548074,-1.004729727904002
2024-03-13,-0.67199665,-0.5699663,-0.7544812560081482
2024-03-13,-0.29073563,-0.4322556,-0.552343100309372
2024-03-13,-0.2586969,-0.29384163,-0.43202118078867596
2024-03-13,0.2058648,-0.0723805,-0.26615924139817554
2024-03-13,0.23790354,0.19059375,-0.058542792995770775
2024-03-13,0.70246524,0.40229747,0.17350357274214426
2024-03-13,0.73770785,0.58917177,0.3940209945042928
2024-03-13,0.8146008,0.6988133,0.5634275178114573
2024-03-13,-1.5658774,-1.8810331,-0.19768265883127847
2024-03-13,-1.5338387,-1.646485,-0.9429015715916952
2024-03-13,-1.2551017,-1.4613527,-1.6629569133122761
2024-03-13,-1.2518978,-1.2402908,-1.449376145998637
2024-03-13,-1.171801,-1.1494375,-1.2836936712265015
2024-03-13,-0.5662688,-0.9312289,-1.1069857279459636
2024-03-13,-0.53423005,-0.61858284,-0.899749755859375
2024-03-13,-2.2002444,-1.579864,-1.0432252486546834
2024-03-13,-2.1682057,-1.8712649,-1.3565706014633179
2024-03-13,-2.1009243,-1.7761387,-1.7424225409825642
2024-03-13,-2.0656817,-1.8631498,-1.8368511199951172
2024-03-13,-1.7356827,-1.7711879,-1.8034921089808147
2024-03-13,-1.6684014,-1.680628,-1.7716552019119263
2024-03-13,-1.0019957,-1.4284006,-1.6267388264338176
2024-03-13,-0.7713167,-0.99080026,-1.3666096131006877
2024-03-13,-0.7360741,-0.81622016,-1.078473687171936
2024-03-13,0.8914938,0.4108627,-0.46538590391476947
2024-03-13,0.92353255,0.6661216,0.0869213839371999
2024-03-13,-2.0688856,-2.0513675,-0.32479440172513324
2024-03-13,-1.6491781,-1.9502515,-1.1118324597676594
2024-03-13,-1.5851007,-1.5876805,-1.8630998134613037
2024-03-13,-1.5498581,-1.5371176,-1.6916831731796265
2024-03-13,-1.1878203,-1.3666514,-1.4971498250961304
2024-03-13,-1.1525778,-1.2036189,-1.3691293001174927
2024-03-13,-1.0532576,-1.0783876,-1.2162193059921265
2024-03-13,-0.68160826,-0.8955023,-1.05916961034139
2024-03-13,-0.6143269,-0.71163666,-0.8951755364735922
2024-03-13,-0.12093033,-0.4044661,-0.6705350279808044
2024-03-13,-0.088891596,-0.16439426,-0.42683233817418414
2024-03-13,0.28275776,0.056481868,-0.17079282800356546
2024-03-13,0.3147965,0.29322687,0.06177149216334025
2024-03-13,0.38207787,0.39711472,0.24894115328788757
2024-03-13,0.4141166,0.49222466,0.3941887517770131
2024-03-13,0.5775142,0.54231286,0.4772174159685771
2024-03-13,0.6095529,0.609838,0.5481251776218414
2024-03-13,0.6768342,0.6620287,0.604726513226827
2024-03-13,0.7441156,0.7090844,0.6603170235951742
2024-03-13,0.9747945,0.7517654,0.7076261440912882
2024-03-13,-2.161798,-2.1062129,-0.21512103080749512
2024-03-13,-1.9279152,-2.0262027,-1.1268833875656128
2024-03-13,-1.8958764,-1.7551945,-1.9625366926193237
2024-03-13,-1.5626736,-1.6947428,-1.825380007425944
2024-03-13,-1.5306348,-1.5706546,-1.6735306580861409
2024-03-13,-1.4985961,-1.45566,-1.5736858050028484
2024-03-13,-1.4313147,-1.3628334,-1.463049332300822
2024-03-13,-1.1974319,-1.2818972,-1.366796851158142
2024-03-13,-1.0981119,-1.1545229,-1.2664178212483723
2024-03-13,-0.8962678,-1.0101173,-1.1488457918167114
2024-03-13,-0.8642291,-0.8646804,-1.0097735325495403
2024-03-13,-0.5694727,-0.7205485,-0.8651154041290283
2024-03-13,-0.5021913,-0.55510026,-0.7134430607159933
2024-03-13,-0.46694872,-0.45808244,-0.5779104034105936
2024-03-13,-0.4317061,-0.36784256,-0.46034175157546997
2024-03-13,-0.30355114,-0.29618746,-0.3740374843279521
2024-03-13,-0.26830852,-0.20024806,-0.2880926926930745
2024-03-13,0.327612,0.0033449829,-0.16436351339022318
2024-03-13,0.35965073,0.26922494,0.024107287327448528
2024-03-13,0.85945505,0.47959527,0.2507217327753703
2024-03-13,0.8914938,0.67743087,0.475417027870814
2024-03-13,0.95877516,0.79130805,0.6494447290897369
2024-03-13,0.9940178,0.8811829,0.7833072741826376
2024-03-13,-2.1457787,-2.1438038,-0.15710429350535074
2024-03-13,-2.110536,-2.0818563,-1.11482572555542
2024-03-13,-2.0784972,-1.8608094,-2.028823177019755
2024-03-13,-2.0464585,-1.8469075,-1.9298577308654785
2024-03-13,-1.7837409,-1.7711548,-1.8262905677159627
2024-03-13,-1.7164595,-1.6998713,-1.7726445198059082
2024-03-13,-1.6812168,-1.6373297,-1.7027852535247803
2024-03-13,-1.6491781,-1.5528425,-1.6300144990285237
2024-03-13,-1.6171395,-1.5147482,-1.568306803703308
2024-03-13,-1.4825767,-1.4681104,-1.5119003852208455
2024-03-13,-1.4505379,-1.4030288,-1.4619625012079875
2024-03-13,-1.4152954,-1.344714,-1.4052844444910686
2024-03-13,-1.3512179,-1.2899681,-1.3459036747614543
2024-03-13,-1.2518978,-1.23392,-1.289534052213033
2024-03-13,-1.2166551,-1.1679935,-1.230627218882243
2024-03-13,-1.1525778,-1.1011752,-1.167696237564087
2024-03-13,-1.1173351,-1.043172,-1.1041135787963867
2024-03-13,-1.0852964,-0.9990431,-1.0477967659632366
2024-03-13,-1.0532576,-0.9595072,-1.0005741119384766
2024-03-13,-1.018015,-0.9258747,-0.9614750146865845
2024-03-13,-0.9859763,-0.8922142,-0.925865372021993
2024-03-13,-0.9186949,-0.85011244,-0.8894004424413046
2024-03-13,-0.85141355,-0.79596734,-0.846097985903422
2024-03-13,-0.78413224,-0.734326,-0.7934685945510864
2024-03-13,-0.7520935,-0.6730174,-0.7344369093577067
2024-03-13,-0.48296806,-0.58797026,-0.6651045481363932
2024-03-13,-0.45092934,-0.49313405,-0.5847072303295135
2024-03-13,-0.4188906,-0.41204715,-0.49771715203921
2024-03-13,-0.38364798,-0.31173986,-0.4056403537591298
2024-03-13,-0.2843279,-0.24023068,-0.321339229742686
2024-03-13,-0.25228915,-0.16386685,-0.2386124630769094
2024-03-13,-0.08248385,-0.074921876,-0.15967313448588052
2024-03-13,-0.05044511,0.027508155,-0.07042685647805531
2024-03-13,-0.015202496,0.08725914,0.01328180730342865
2024-03-13,0.21547642,0.18156436,0.09877721965312958
2024-03-13,0.28275776,0.28350064,0.18410804867744446
2024-03-13,0.3147965,0.37098178,0.27868226170539856
2024-03-13,0.34683526,0.4410766,0.3651863435904185
2024-03-13,0.37887397,0.47073957,0.42759932080904645
2024-03-13,0.6127568,0.52318525,0.47833381096522015
2024-03-13,0.68003815,0.6105223,0.5348156988620758
2024-03-13,0.7441156,0.68101335,0.604906956354777
2024-03-13,0.77615434,0.7477348,0.6797568003336588
2024-03-13,0.910717,0.7822859,0.7370113531748453
2024-03-13,0.9459596,0.8281864,0.7860690355300903
2024-03-13,0.9779984,0.87330616,0.8279261589050293
2024-03-13,-2.1906328,-2.1484241,-0.14897720019022623
2024-03-13,-1.7613137,-2.0298092,-1.101642409960429
2024-03-13,-1.729275,-1.6638381,-1.947357177734375
2024-03-13,-1.6940324,-1.6628107,-1.7854860226313274
2024-03-13,-1.6587898,-1.5581216,-1.6282567977905273
2024-03-13,-1.524227,-1.5100693,-1.5770004987716675
2024-03-13,-1.4569458,-1.4385186,-1.5022364854812622
2024-03-13,-1.2903442,-1.3411709,-1.4299196004867554
2024-03-13,-1.219859,-1.2262328,-1.3353074391682942
2024-03-13,-1.1878203,-1.1417259,-1.2363765239715576
2024-03-13,-1.1557816,-1.0705655,-1.146174709002177
2024-03-13,-0.92510265,-0.99083054,-1.0677073001861572
2024-03-13,-0.8930639,-0.8948691,-0.9854216972986857
2024-03-13,-0.8578213,-0.794561,-0.8934202194213867
2024-03-13,-0.79374385,-0.7181761,-0.8025354146957397
2024-03-13,-0.7617051,-0.67427325,-0.7290034691492716
2024-03-13,-0.72966635,-0.6302017,-0.6742170254389445
2024-03-13,-0.6976276,-0.59003174,-0.6315022309621176
2024-03-13,-0.662385,-0.5595975,-0.5932769775390625
2024-03-13,-0.6303463,-0.5329529,-0.5608607133229574
2024-03-13,-0.5951037,-0.51046073,-0.534337043762207
2024-03-13,-0.56306493,-0.49091205,-0.5114418963591257
2024-03-13,-0.5310262,-0.466136,-0.4891695976257324
2024-03-13,-0.09209547,-0.33530492,-0.43078432480494183
2024-03-13,-0.06005673,-0.11310261,-0.3048478439450264
2024-03-13,0.042467233,0.029467866,-0.13964655250310898
2024-03-13,0.07450597,0.17546979,0.030611681441466015
2024-03-13,0.36926237,0.263939,0.15629221498966217
2024-03-13,0.40450498,0.39031038,0.2765730520089467
2024-03-13,0.708873,0.51648366,0.39024434487024945
2024-03-13,0.8081931,0.65031385,0.5190359652042389
2024-03-13,0.9043093,0.7439369,0.6369114716847738
2024-03-13,0.9395519,0.8297303,0.7413270076115926
2024-03-13,-2.0304391,-2.098083,-0.17480528354644775
2024-03-13,-1.9951966,-2.0141964,-1.094183047612508
2024-03-13,-1.8638377,-1.7616355,-1.9579716523488362
2024-03-13,-1.6331588,-1.6865758,-1.8208025693893433
2024-03-13,-1.5979161,-1.6091245,-1.6857786178588867
2024-03-13,-1.3928683,-1.4772701,-1.59099014600118
2024-03-13,-1.194228,-1.3124002,-1.4662649631500244
2024-03-13,-1.1589855,-1.1785933,-1.3227545420328777
2024-03-13,-1.094908,-1.0620421,-1.1843452056248982
2024-03-13,-1.0628692,-0.9851806,-1.075272003809611
2024-03-13,-1.0308305,-0.9422499,-0.9964908758799235
2024-03-13,-0.75850123,-0.85770464,-0.9283783833185831
2024-03-13,-0.7264625,-0.7432685,-0.8477410078048706
2024-03-13,-0.69121987,-0.64076495,-0.7472460269927979
2024-03-13,-0.6591811,-0.5556726,-0.6465686758359274
2024-03-13,-0.62714237,-0.5298762,-0.5754379034042358
2024-03-13,-0.36122087,-0.4870683,-0.5242056846618652
2024-03-13,-0.32918212,-0.36835867,-0.4617677132288615
2024-03-13,-0.06326061,-0.18049371,-0.3453068931897481
2024-03-13,-0.028017992,0.0031536967,-0.1818995624780655
2024-03-13,0.5006212,0.19318381,0.005281264583269755
2024-03-13,0.53265995,0.4416115,0.21264966825644174
2024-03-13,0.5646987,0.53722703,0.3906741142272949
2024-03-13,0.59994125,0.6337596,0.5375327169895172
2024-03-13,0.63198,0.6582805,0.6097557147343954
2024-03-13,0.66401875,0.6826141,0.6582180658976237
2024-03-13,0.8626589,0.7194867,0.6867937644322714
2024-03-13,0.89790154,0.77511907,0.7257399559020996
2024-03-13,0.93314415,0.8353218,0.7766425212224325
2024-03-13,-2.011216,-2.0950477,-0.1615356206893921
2024-03-13,-1.9759732,-2.0029693,-1.0875650644302368
2024-03-13,-1.806168,-1.7388669,-1.9456279675165813
2024-03-13,-1.7741293,-1.705619,-1.8158183892567952
2024-03-13,-1.7388866,-1.6587063,-1.7010640700658162
2024-03-13,-1.5082077,-1.5703373,-1.6448875268300374
2024-03-13,-1.476169,-1.4730551,-1.5673662424087524
2024-03-13,-1.4409263,-1.3863721,-1.4765881697336833
2024-03-13,-1.4056838,-1.3182733,-1.3925668398539226
2024-03-13,-1.2422862,-1.2607448,-1.3217967351277669
2024-03-13,-1.1750048,-1.1731912,-1.2507364352544148
2024-03-13,-1.1397622,-1.0931553,-1.1756970882415771
2024-03-13,-0.97316074,-0.9958817,-1.0874093770980835
2024-03-13,-0.8738407,-0.9005594,-0.996532122294108
2024-03-13,-0.611123,-0.7617383,-0.8860598007837931
2024-03-13,-0.5758804,-0.61077136,-0.7576896945635477
2024-03-13,-0.54384166,-0.5107645,-0.6277580459912618
2024-03-13,-0.5118029,-0.44909415,-0.5235433280467987
2024-03-13,-0.17860006,-0.35343927,-0.4377659658590953
2024-03-13,-0.14656132,-0.16741276,-0.32331539193789166
2024-03-13,0.42372823,0.08529469,-0.14518577853838602
2024-03-13,0.45897084,0.35641906,0.09143366416295369
2024-03-13,0.59032965,0.48451063,0.3087414602438609
2024-03-13,-2.081701,-1.9724554,-0.377175231774648
2024-03-13,-2.0496624,-1.9554473,-1.1477973560492198
2024-03-13,-1.9471384,-1.7787036,-1.9022020896275837
2024-03-13,-1.9150996,-1.7812076,-1.8384528160095215
2024-03-13,-1.5434504,-1.6766255,-1.7455122073491414
2024-03-13,-1.5114115,-1.5740978,-1.6773102680842082
2024-03-13,-1.2422862,-1.4023752,-1.551032821337382
2024-03-13,-1.2102474,-1.2232538,-1.3999089399973552
2024-03-13,-0.94112206,-1.0876857,-1.2377715905507405
2024-03-13,-0.8738407,-0.9248569,-1.0785988171895344
2024-03-13,-0.6431618,-0.7671912,-0.9265779256820679
2024-03-13,-0.60791916,-0.6231942,-0.7717474301656088
2024-03-13,-0.54384166,-0.53291047,-0.6410986185073853
2024-03-13,-0.50859904,-0.4798955,-0.5453333954016367
2024-03-13,-0.47656032,-0.44302228,-0.48527608315149945
2024-03-13,-0.34199762,-0.36658493,-0.42983423670132953
2024-03-13,-0.30995888,-0.26283166,-0.3574796219666799
2024-03-13,-0.14335746,-0.14902821,-0.2594815989335378
2024-03-13,-0.11131871,-0.030312493,-0.1473907878001531
2024-03-13,-0.04403736,0.036271065,-0.04768987993399302
2024-03-13,0.058486603,0.11964139,0.041866655151049294
2024-03-13,0.25712678,0.20544359,0.12045201659202576
2024-03-13,0.32120425,0.31703,0.21403833230336508
2024-03-13,0.35644686,0.4052833,0.3092523018519084
2024-03-13,0.3884856,0.46273425,0.39501585563023883
2024-03-13,0.5871258,0.5159775,0.46133168538411456
2024-03-13,0.6223684,0.5875889,0.5221002201239268
2024-03-13,0.68964976,0.6453873,0.5829845666885376
2024-03-13,0.7216885,0.7037997,0.6455919742584229
2024-03-13,0.7537272,0.7340392,0.6944087346394857
2024-03-13,0.78576595,0.7631495,0.7336628039677938
2024-03-13,0.9203287,0.7946886,0.7639590899149576
2024-03-13,0.9523674,0.83602047,0.7979528506596884
2024-03-13,0.9844061,0.8805262,0.8370784123738607
2024-03-13,-2.084905,-2.133529,-0.13899409770965576
2024-03-13,-1.9503423,-2.0358856,-1.0962961117426555
2024-03-13,-1.8510222,-1.7463497,-1.971921404202779
2024-03-13,-1.8189834,-1.7449421,-1.8423924446105957
2024-03-13,-1.7517021,-1.6824375,-1.724576433499654
2024-03-13,-1.6844207,-1.6257786,-1.6843860546747844
2024-03-13,-1.5883045,-1.5640157,-1.624077280362447
2024-03-13,-1.5210232,-1.4905695,-1.5601212580998738
2024-03-13,-1.4184992,-1.412936,-1.4891737302144368
2024-03-13,-1.3864605,-1.3361101,-1.4132051865259807
2024-03-13,-1.3191792,-1.2751015,-1.3413825432459514
2024-03-13,-1.0564615,-1.1678945,-1.2597020467122395
2024-03-13,-0.98918015,-1.0463451,-1.1631137132644653
2024-03-13,-0.9571414,-0.9237567,-1.0459987719853718
2024-03-13,-0.8225787,-0.811301,-0.9271342754364014
2024-03-13,-0.7232586,-0.7269205,-0.8206593990325928
2024-03-13,-0.69121987,-0.644421,-0.7275474866231283
2024-03-13,-0.65597725,-0.5728201,-0.6480538646380106
2024-03-13,-0.5566572,-0.5321735,-0.5831382075945536
2024-03-13,-0.52461845,-0.49959406,-0.5348625679810842
2024-03-13,-0.48937583,-0.46385297,-0.49854018290837604
2024-03-13,-0.45733708,-0.4102898,-0.45791227618853253
2024-03-13,-0.42209446,-0.3675194,-0.4138873914877574
2024-03-13,-0.39005575,-0.31983644,-0.36588188012441
2024-03-13,-0.32277438,-0.25993845,-0.31576476494471234
2024-03-13,-0.29073563,-0.19591004,-0.2585616409778595
2024-03-13,-0.23306592,-0.13414082,-0.1966631015141805
2024-03-13,-0.12093033,-0.060711056,-0.13025397062301636
2024-03-13,-0.088891596,0.0101698935,-0.06156066060066223
2024-03-13,-0.056852855,0.065064654,0.004841163754463196
2024-03-13,-0.021610243,0.11548826,0.06357426941394806
2024-03-13,0.14499119,0.16506493,0.11520594855149587
2024-03-13,0.17702994,0.24083492,0.1737960378328959
2024-03-13,0.20906867,0.29992124,0.2352736989657084
2024-03-13,0.3436314,0.3708355,0.30386389295260113
2024-03-13,0.54227155,0.44623193,0.37232956290245056
2024-03-13,0.5775142,0.53805506,0.45170750220616657
2024-03-13,0.6095529,0.607021,0.5304359893004099
2024-03-13,0.64159167,0.6561402,0.6004054148991903
2024-03-13,0.6768342,0.6806791,0.6479467550913492
2024-03-13,0.71207684,0.7056937,0.6808376709620158
2024-03-13,0.74731946,0.73128414,0.705885648727417
2024-03-13,0.8146008,0.7624488,0.7331422170003256
2024-03-13,0.910717,0.7979537,0.7638955513636271
2024-03-13,-2.1265554,-2.1008956,-0.18016437689463297
2024-03-13,-1.9951966,-2.0401125,-1.114351471265157
2024-03-13,-1.7645177,-1.7363977,-1.9591352939605713
2024-03-13,-1.7324789,-1.715545,-1.8306850989659627
2024-03-13,-1.6972363,-1.6333706,-1.6951044797897339
2024-03-13,-1.6651975,-1.5647628,-1.6378928422927856
2024-03-13,-1.6331588,-1.5333424,-1.5771586100260417
2024-03-13,-1.5979161,-1.5016226,-1.5332425832748413
2024-03-13,-1.5658774,-1.469889,-1.5016179879506428
2024-03-13,-1.5306348,-1.4378371,-1.4697829087575276
2024-03-13,-1.4953922,-1.4050418,-1.4375893274943035
2024-03-13,-1.4633535,-1.3727127,-1.4051972230275471
2024-03-13,-1.4281108,-1.3406041,-1.3727862040201824
2024-03-13,-1.3960721,-1.3093237,-1.3408801555633545
2024-03-13,-1.1974319,-1.2431808,-1.2977028290430705
2024-03-13,-1.1333544,-1.1483642,-1.2336228688557942
2024-03-13,-1.1013157,-1.0590513,-1.1501987377802532
2024-03-13,-0.99879175,-0.97034,-1.0592518250147502
2024-03-13,-0.93471426,-0.89930797,-0.9762330849965414
2024-03-13,-0.86743295,-0.82265806,-0.8974353472391764
2024-03-13,-0.72966635,-0.73721266,-0.8197262287139893
2024-03-13,-0.6976276,-0.6558094,-0.7385600407918295
2024-03-13,-0.662385,-0.58670056,-0.6599075396855673
2024-03-13,-0.6303463,-0.54294026,-0.5951500733693441
2024-03-13,-0.59830755,-0.5197871,-0.5498092969258627
2024-03-13,-0.5310262,-0.498125,-0.5202841063340505
2024-03-13,-0.49898744,-0.47166184,-0.4965246319770813
2024-03-13,-0.39646348,-0.41401204,-0.46126628915468854
2024-03-13,-0.36122087,-0.322421,-0.40269829829533893
2024-03-13,-0.32918212,-0.24964651,-0.3286931912104289
2024-03-13,-0.29393953,-0.18151483,-0.2511941194534302
2024-03-13,-0.26190078,-0.13671802,-0.1892931212981542
2024-03-13,-0.22665817,-0.096655294,-0.13829604784647623
2024-03-13,-0.19141556,-0.056624256,-0.09666585673888524
2024-03-13,0.1802338,0.037575632,-0.038567972679932915
2024-03-13,0.24751516,0.19594434,0.058965238432089485
2024-03-13,0.2795539,0.31146145,0.1816604733467102
2024-03-13,0.3147965,0.40846488,0.30529022216796875
2024-03-13,0.34683526,0.43893752,0.3862879474957784
2024-03-13,0.37887397,0.46195462,0.43645233909289044
2024-03-13,0.41091272,0.48557362,0.4621552526950836
2024-03-13,0.44615534,0.50951433,0.4856808582941691
2024-03-13,0.4781941,0.5339905,0.5096928179264069
2024-03-13,0.84984344,0.61441267,0.5526391665140787
2024-03-13,0.8818822,0.71470153,0.6210349003473917
2024-03-13,0.9171248,0.80551565,0.7115432818730673
2024-03-13,0.9523674,0.871462,0.7972263892491659
2024-03-13,-2.187429,-2.1404848,-0.15450239181518555
2024-03-13,-1.8189834,-2.0408204,-1.103281060854594
2024-03-13,-1.6876247,-1.6726662,-1.9513237873713176
2024-03-13,-1.6203433,-1.6577244,-1.7904036442438762
2024-03-13,-1.553062,-1.5227957,-1.6177287499109905
2024-03-13,-1.5210232,-1.4518458,-1.5441219409306843
2024-03-13,-1.3864605,-1.3896955,-1.4547789891560872
2024-03-13,-1.322383,-1.3083974,-1.3833129008611043
2024-03-13,-1.2871404,-1.2447385,-1.3142771323521931
2024-03-13,-1.2551017,-1.181112,-1.2447493076324463
2024-03-13,-1.2230629,-1.140894,-1.1889148553212483
2024-03-13,-1.1589855,-1.1010548,-1.1410202980041504
2024-03-13,-1.0917041,-1.0509396,-1.097629467646281
2024-03-13,-1.0564615,-0.99233496,-1.048109769821167
2024-03-13,-0.96034527,-0.92644525,-0.9899065891901652
2024-03-13,-0.8610252,-0.8496678,-0.922815998395284
2024-03-13,-0.7617051,-0.75863457,-0.8449158668518066
2024-03-13,-0.5310262,-0.6493368,-0.7525463898976644
2024-03-13,-0.4317061,-0.5384002,-0.6487905184427897
2024-03-13,-0.36122087,-0.41450202,-0.5340796709060669
2024-03-13,-0.19461943,-0.23326108,-0.3953877588113149
2024-03-13,-0.1625807,-0.105739854,-0.251167652507623
2024-03-13,-0.13054195,-0.020468071,-0.11982300132513046
2024-03-13,0.3051849,0.112013936,-0.004731329778830211
2024-03-13,0.33722362,0.28092864,0.12415816883246104
2024-03-13,0.40450498,0.39165267,0.2615317503611247
2024-03-13,0.4365437,0.48623964,0.38627365231513977
2024-03-13,0.53265995,0.52446306,0.4674517909685771
2024-03-13,0.56790257,0.5712049,0.5273025333881378
2024-03-13,0.9011054,0.65836024,0.5846760670344034
2024-03-13,0.93314415,0.7603947,0.6633199453353882
2024-03-13,-2.2034483,-2.1282394,-0.23649481932322183
2024-03-13,-2.1714096,-2.1052988,-1.1577144861221313
2024-03-13,-1.7741293,-1.788024,-2.0071873664855957
2024-03-13,-1.6395665,-1.7246716,-1.8726647694905598
2024-03-13,-1.4088876,-1.596547,-1.7030808528264363
2024-03-13,-1.3768488,-1.3959934,-1.5724039872487385
2024-03-13,-1.3127714,-1.2951386,-1.429226318995158
2024-03-13,-1.2807326,-1.2162071,-1.3024463653564453
2024-03-13,-1.0820925,-1.1394359,-1.216927210489909
2024-03-13,-1.0500537,-1.045825,-1.1338226795196533
2024-03-13,-0.9827724,-0.94904804,-1.0447696447372437
2024-03-13,-0.95073366,-0.86965334,-0.9548421303431193
2024-03-13,-0.81617093,-0.80678356,-0.8751616477966309
2024-03-13,-0.7488896,-0.7258878,-0.800774892171224
2024-03-13,-0.7168509,-0.65299743,-0.7285562554995219
2024-03-13,-0.68160826,-0.591905,-0.6569300691286722
2024-03-13,-0.5534533,-0.55291575,-0.5992727279663086
2024-03-13,-0.48617196,-0.5079964,-0.5509390433629354
2024-03-13,-0.4541332,-0.4482123,-0.5030414760112762
2024-03-13,-0.4188906,-0.37165064,-0.44261977076530457
2024-03-13,-0.38685185,-0.31308982,-0.3776509165763855
2024-03-13,-0.2234543,-0.22884047,-0.3045269747575124
2024-03-13,-0.19141556,-0.13004789,-0.22399272521336874
2024-03-13,-0.15937681,-0.04966128,-0.13618321220080057
2024-03-13,-0.09209547,0.022444814,-0.0524214506149292
2024-03-13,-0.056852855,0.06770758,0.013497039675712585
2024-03-13,0.07130209,0.12095809,0.07037016252676646
2024-03-13,0.17382605,0.20128837,0.12998468180497488
2024-03-13,0.2058648,0.27657968,0.199608713388443
2024-03-13,0.23790354,0.33957016,0.2724794050057729
2024-03-13,0.3404275,0.38657668,0.33424217502276105
2024-03-13,0.37246624,0.42583308,0.38399330774943036
2024-03-13,0.40770885,0.46368214,0.42536396781603497
2024-03-13,0.47178632,0.50470626,0.4647404948870341
2024-03-13,0.50702894,0.53642654,0.5016049842039744
2024-03-13,0.60634905,0.5772649,0.5394659042358398
2024-03-13,0.63838774,0.6233387,0.5790100495020548
2024-03-13,0.67363036,0.65976965,0.6201244195302328
2024-03-13,0.7409117,0.6999662,0.6610248486200968
2024-03-13,0.8081931,0.73791134,0.6992157300313314
2024-03-13,0.9747945,0.7946403,0.7441726128260294
2024-03-13,-2.1938367,-2.1314964,-0.19964826107025146
2024-03-13,-2.161798,-2.1085548,-1.1484703222910564
2024-03-13,-2.0272353,-1.8577538,-2.0326016743977866
2024-03-13,-1.7965564,-1.7924969,-1.919601837793986
2024-03-13,-1.7260711,-1.7331916,-1.7944807608922322
2024-03-13,-1.6587898,-1.6436423,-1.723110278447469
2024-03-13,-1.6235472,-1.551953,-1.642928957939148
2024-03-13,-1.5915084,-1.5036752,-1.566423495610555
2024-03-13,-1.4601496,-1.4501969,-1.5019416809082031
2024-03-13,-1.3928683,-1.3817511,-1.4452077150344849
2024-03-13,-1.296752,-1.2983721,-1.3767733573913574
2024-03-13,-1.0660731,-1.1752781,-1.2851337591807048
2024-03-13,-0.99879175,-1.0509417,-1.1748639742533367
2024-03-13,-0.8642291,-0.9069903,-1.044403354326884
2024-03-13,-0.8001516,-0.7805579,-0.9128299554189047
2024-03-13,-0.76490897,-0.69928205,-0.7956100702285767
2024-03-13,-0.7328702,-0.6360714,-0.7053037683169047
2024-03-13,-0.5951037,-0.5843735,-0.6399089694023132
2024-03-13,-0.56306493,-0.54474074,-0.5883951981862386
2024-03-13,-0.5310262,-0.49788782,-0.5423340102036794
2024-03-13,-0.3355899,-0.4151501,-0.485926220814387
2024-03-13,-0.23626979,-0.27371454,-0.3955841561158498
2024-03-13,-0.16898844,-0.14189874,-0.2769211282332738
2024-03-13,-0.1369497,-0.026973993,-0.14752909044424692
2024-03-13,-0.03442574,0.044134945,-0.04157926142215729
2024-03-13,-0.002387001,0.10450372,0.04055489102999369
2024-03-13,0.46858245,0.22895622,0.12586496273676553
2024-03-13,0.5646987,0.428974,0.25414464871088666
2024-03-13,0.83062017,0.5683713,0.408767173687617
2024-03-13,0.8658628,0.7296808,0.5756753583749136
2024-03-13,-2.0720894,-2.0825148,-0.26148756345113117
2024-03-13,-2.0400507,-2.0308986,-1.127910852432251
2024-03-13,-1.9407307,-1.7896613,-1.9676915407180786
2024-03-13,-1.905488,-1.7819103,-1.8674900531768799
2024-03-13,-1.7388866,-1.7320229,-1.7678648233413696
2024-03-13,-1.6395665,-1.6513537,-1.7217622995376587
2024-03-13,-1.4088876,-1.5380752,-1.6404839356740315
2024-03-13,-1.3416063,-1.3826724,-1.524033784866333
2024-03-13,-1.2390823,-1.2667699,-1.3958391745885212
2024-03-13,-1.171801,-1.1591439,-1.2695287466049194
2024-03-13,-0.94112206,-1.0466062,-1.1575066645940144
2024-03-13,-0.9090833,-0.9172671,-1.0410057306289673
2024-03-13,-0.84180194,-0.8049811,-0.9229514598846436
2024-03-13,-0.8065593,-0.7234613,-0.815236488978068
2024-03-13,-0.7745206,-0.6781143,-0.7355188926060995
2024-03-13,-0.73927796,-0.6367934,-0.6794563134511312
2024-03-13,-0.60791916,-0.59144735,-0.6354516744613647
2024-03-13,-0.5406378,-0.54772294,-0.5919878880182902
2024-03-13,-0.4060751,-0.48019996,-0.5397900839646658
2024-03-13,-0.37403637,-0.36452946,-0.4641507863998413
2024-03-13,-0.0055908747,-0.17855258,-0.3410940021276474
2024-03-13,0.026447864,0.0126301795,-0.1768172880013784
2024-03-13,0.09693309,0.12350279,-0.014139870802561441
2024-03-13,0.1321757,0.24220952,0.12611416478951773
2024-03-13,0.19625318,0.28596303,0.21722511450449625
2024-03-13,0.23149578,0.3313755,0.28651602069536847
2024-03-13,0.26353452,0.36763784,0.3283254603544871
2024-03-13,0.29877713,0.39862838,0.3658805787563324
2024-03-13,0.46537858,0.4331492,0.3998051385084788
2024-03-13,0.53265995,0.4946768,0.4421514570713043
2024-03-13,0.59994125,0.5571506,0.494992196559906
2024-03-13,0.8338241,0.6478262,0.5665511985619863
2024-03-13,0.8658628,0.735476,0.6468176047007242
2024-03-13,0.9011054,0.79667056,0.7266575892766317
2024-03-13,0.93314415,0.85684943,0.7963320016860962
2024-03-13,0.9651829,0.88059676,0.8447055816650391
2024-03-13,-2.2066522,-2.1599176,-0.14082380135854086
2024-03-13,-2.1714096,-2.112852,-1.130724310874939
2024-03-13,-2.0368469,-1.8605943,-2.044454654057821
2024-03-13,-2.0048082,-1.8482457,-1.9405640363693237
2024-03-13,-1.905488,-1.8196212,-1.842820405960083
2024-03-13,-1.7068479,-1.726919,-1.7982620000839233
2024-03-13,-1.6748091,-1.6637939,-1.7367780605951946
2024-03-13,-1.6395665,-1.579976,-1.6568963130315144
2024-03-13,-1.6075277,-1.5155697,-1.5864465236663818
2024-03-13,-1.5402465,-1.4792063,-1.5249173243840535
2024-03-13,-1.4056838,-1.4214545,-1.4720768531163533
2024-03-13,-1.373645,-1.3462012,-1.4156206846237183
2024-03-13,-1.3384024,-1.2873745,-1.3516767422358196
2024-03-13,-1.2390823,-1.2204316,-1.2846690813700359
2024-03-13,-1.171801,-1.157138,-1.2216480175654094
2024-03-13,-1.1397622,-1.0878658,-1.1551451285680134
2024-03-13,-1.0404421,-1.0148993,-1.086634357770284
2024-03-13,-1.0084034,-0.9482871,-1.017017404238383
2024-03-13,-0.97316074,-0.89276195,-0.9519827763239542
2024-03-13,-0.94112206,-0.8472446,-0.8960978984832764
2024-03-13,-0.8450058,-0.8018856,-0.8472973903020223
2024-03-13,-0.8097632,-0.74439573,-0.7978419860204061
2024-03-13,-0.77772444,-0.68899107,-0.7450908025105795
2024-03-13,-0.6752005,-0.6348648,-0.6894172032674154
2024-03-13,-0.6431618,-0.59257066,-0.6388088464736938
2024-03-13,-0.60791916,-0.5496434,-0.5923596223195394
2024-03-13,-0.4413177,-0.48506072,-0.5424249271551768
2024-03-13,-0.4060751,-0.40773162,-0.48081191380818683
2024-03-13,-0.33879375,-0.3181131,-0.4036351442337036
2024-03-13,-0.306755,-0.22350003,-0.316448246439298
2024-03-13,-0.2747163,-0.16900507,-0.236872727672259
2024-03-13,-0.20743492,-0.107204065,-0.16656971971193948
2024-03-13,-0.07287223,-0.032004736,-0.10273795574903488
2024-03-13,0.02324399,0.057506025,-0.027234258751074474
2024-03-13,0.058486603,0.1409845,0.05549526462952296
2024-03-13,0.12576795,0.21680108,0.13843053579330444
2024-03-13,0.1578067,0.27321592,0.2103338340918223
2024-03-13,0.18984543,0.309181,0.2663993338743846
2024-03-13,0.22188416,0.34302965,0.308475524187088
2024-03-13,0.2539229,0.36683366,0.33968143661816913
2024-03-13,0.28916553,0.38956645,0.36647658546765643
2024-03-13,0.3884856,0.41945192,0.39195067683855694
2024-03-13,0.42372823,0.45949957,0.42283931374549866
2024-03-13,0.45576695,0.4975151,0.45882220069567364
2024-03-13,0.5230483,0.5369916,0.4980020920435588
2024-03-13,0.5871258,0.57361126,0.5360393226146698
2024-03-13,0.6191645,0.613011,0.5745379527409872
2024-03-13,0.65440714,0.6492369,0.611953059832255
2024-03-13,0.7889698,0.69163454,0.6512941519419352
2024-03-13,0.82100856,0.7384156,0.6930956840515137
2024-03-13,0.8562512,0.7805928,0.7368809779485067
2024-03-13,0.8882899,0.8244009,0.7811364332834879
2024-03-13,0.9203287,0.8481643,0.8177193403244019
2024-03-13,0.9555713,0.8723568,0.8483073314030966
2024-03-13,0.9908139,0.89634705,0.8722893794377645
2024-03-13,-2.081701,-2.1474738,-0.1262566645940145
2024-03-13,-1.9791771,-2.0456204,-1.098915735880534
2024-03-13,-1.8478184,-1.7576116,-1.9835686286290486
2024-03-13,-1.7773331,-1.7438751,-1.8490357398986816
2024-03-13,-1.575489,-1.6461369,-1.7158745527267456
2024-03-13,-1.5402465,-1.5390141,-1.6430087089538574
2024-03-13,-1.5082077,-1.4558405,-1.5469971497853596
2024-03-13,-1.476169,-1.3910002,-1.4619515736897786
2024-03-13,-1.3768488,-1.3499285,-1.3989230394363403
2024-03-13,-1.3448101,-1.2975272,-1.3461519479751587
2024-03-13,-1.3127714,-1.2515324,-1.299662709236145
2024-03-13,-1.2807326,-1.2057463,-1.2516019741694133
2024-03-13,-1.2454901,-1.1719155,-1.2097314198811848
2024-03-13,-1.1782087,-1.130635,-1.169432282447815
2024-03-13,-1.0788887,-1.0695622,-1.1240375836690266
2024-03-13,-1.0468498,-0.99715126,-1.0657828251520793
2024-03-13,-1.0116073,-0.93212223,-0.9996118942896525
2024-03-13,-0.97956854,-0.8869153,-0.9387296040852865
2024-03-13,-0.9475298,-0.85278773,-0.8906084299087524
2024-03-13,-0.9122872,-0.81867945,-0.8527941703796387
2024-03-13,-0.8450058,-0.77839124,-0.8166194756825765
2024-03-13,-0.71044314,-0.714082,-0.7703842322031657
2024-03-13,-0.44772547,-0.6131705,-0.7018812497456869
2024-03-13,-0.41568673,-0.4870523,-0.6047682662804922
2024-03-13,-0.35160926,-0.3570424,-0.4857550660769145
2024-03-13,-0.31636664,-0.23619537,-0.3600966880718867
2024-03-13,-0.25228915,-0.17498107,-0.2560729483763377
2024-03-13,-0.08568772,-0.07646045,-0.16254563132921854
2024-03-13,-0.05044511,0.022804096,-0.07621247569719951
2024-03-13,0.013632368,0.09759399,0.01464587946732839
2024-03-13,0.04887498,0.17123446,0.09721084932486217
2024-03-13,0.112952456,0.21504927,0.16129257281621298
2024-03-13,0.14819507,0.26436755,0.21688375870386759
2024-03-13,0.21227254,0.30382118,0.2610793312390645
2024-03-13,0.24431129,0.3464211,0.30486993988355
2024-03-13,0.2795539,0.37665018,0.342297484477361
2024-03-13,0.4493592,0.41949055,0.38085394104321796
2024-03-13,0.48139796,0.4778504,0.4246637125809987
2024-03-13,0.5454754,0.53086615,0.47606903314590454
2024-03-13,0.6127568,0.5918951,0.5335372189680735
2024-03-13,0.68003815,0.63523555,0.5859989325205485
2024-03-13,0.7441156,0.6825628,0.6365644931793213
2024-03-13,0.8434357,0.7339971,0.683931827545166
2024-03-13,0.8786783,0.78569674,0.7340855598449707
2024-03-13,-2.1233516,-2.109898,-0.19673474629720053
2024-03-13,-2.0913126,-2.0607092,-1.1283035278320312
2024-03-13,-2.059274,-1.8339683,-2.0015252033869424
2024-03-13,-1.8221873,-1.7937417,-1.8961397409439087
2024-03-13,-1.7901486,-1.7397257,-1.7891452312469482
2024-03-13,-1.7260711,-1.6907276,-1.7413983345031738
2024-03-13,-1.6908286,-1.6098996,-1.6801176468531291
2024-03-13,-1.6587898,-1.5702316,-1.6236195961634319
2024-03-13,-1.4569458,-1.5067259,-1.5622857014338176
2024-03-13,-1.4217031,-1.4186759,-1.498544454574585
2024-03-13,-1.3896644,-1.3474225,-1.4242747624715169
2024-03-13,-1.2903442,-1.2687057,-1.3449347019195557
2024-03-13,-1.2583055,-1.2161995,-1.2774425745010376
2024-03-13,-1.0917041,-1.1346238,-1.2065096696217854
2024-03-13,-0.92510265,-1.0150173,-1.1219468514124553
2024-03-13,-0.8546174,-0.8789798,-1.009540279706319
2024-03-13,-0.8225787,-0.76409125,-0.8860294421513876
2024-03-13,-0.7232586,-0.6852931,-0.7761213779449463
2024-03-13,-0.69121987,-0.6280076,-0.6924639741579691
2024-03-13,-1.3704411,-0.6058396,-0.6397134264310201
2024-03-13,-1.3384024,-0.85762286,-0.6971566875775655
2024-03-13,0.1578067,-0.1788066,-0.5474230249722799
2024-03-13,0.18984543,0.16079584,-0.2918778757254283
2024-03-13,-1.6972363,-1.6562079,-0.5580728948116302
2024-03-13,0.0008168728,-1.2284786,-0.9079635441303253
2024-03-13,0.036059484,0.14085028,-0.9146120647589365
2024-03-13,-1.9407307,-1.7261466,-0.9379249513149261
2024-03-13,-1.3063637,-1.7323431,-1.1058797935644786
2024-03-14,-1.7484982,-1.6357942,-1.6980946063995361
2024-03-14,-1.7484982,-1.7178819,-1.6953397194544475
2024-03-14,-1.7452943,-1.7092379,-1.6876380046208699
2024-03-14,-1.7388866,-1.7826722,-1.7365973393122356
2024-03-14,-1.7260711,-1.7806236,-1.7575112183888753
2024-03-14,-1.7132556,-1.7759646,-1.7797534465789795
2024-03-14,-1.6459743,-1.7691494,-1.7752458651860554
2024-03-14,-1.6331588,-1.7494866,-1.764866868654887
2024-03-14,-1.6203433,-1.7224633,-1.7470330794652302
2024-03-14,-0.6591811,-1.3700122,-1.6139873266220093
2024-03-14,0.058486603,-0.5529065,-1.2151273091634114
2024-03-14,-2.107332,-1.8407291,-1.254549264907837
2024-03-14,-0.8097632,-1.1450129,-1.1795494953791301
2024-03-14,-0.51500684,-0.9033576,-1.296366532643636
2024-03-14,-0.021610243,-0.45542905,-0.8345998426278433
2024-03-14,0.6223684,0.19526356,-0.38784103592236835
2024-03-14,-1.806168,-1.9006628,-0.7202760875225067
2024-03-14,-0.17219232,-0.6675848,-0.790994664033254
2024-03-14,-1.9375268,-1.3418431,-1.303363561630249
2024-03-14,-1.7484982,-1.4551474,-1.1548584302266438
2024-03-14,-1.3864605,-1.4686608,-1.4218837817509968
2024-03-14,-1.3640333,-1.5264722,-1.483426809310913
2024-03-14,-1.2999558,-1.3362033,-1.4437787930170696
2024-03-14,-1.2743249,-1.2472782,-1.3699845870335896
2024-03-14,0.6127568,0.36339173,-0.7400299410025278
2024-03-14,0.90751314,0.6562085,-0.07589265704154968
2024-03-14,-1.5434504,-1.9628315,-0.31441041827201843
2024-03-14,-1.5018,-1.5142537,-0.940292239189148
2024-03-14,-0.20102718,-0.46794733,-1.3150108555952709
2024-03-14,-1.2999558,-0.77102876,-0.9177432755629221
2024-03-14,-0.4701526,-0.51677847,-0.5852515200773875
2024-03-14,-0.306755,-0.517415,-0.6017407377560934
2024-03-14,-0.30355114,-0.25453013,-0.42957452932993573
2024-03-14,-1.7452943,-1.5833799,-0.7851083278656006
2024-03-14,-0.2715124,-0.824885,-0.8875983357429504
2024-03-14,-0.26510465,-0.32247606,-0.9102469782034556
2024-03-14,-0.17539619,-0.124098524,-0.4238198647896449
2024-03-14,-0.17219232,-0.053575203,-0.16671659549077353
2024-03-14,-0.16578457,-0.033290125,-0.07032128423452377
2024-03-14,-0.008794748,0.012782916,-0.024694137275218964
2024-03-14,-0.50859904,0.037279993,0.0055909280975659685
2024-03-14,-0.37403637,-0.110595025,-0.02017737179994583
2024-03-14,-0.31636664,-0.1727271,-0.08201404164234798
2024-03-14,-0.22986205,-0.19580865,-0.15971025576194128
2024-03-14,-0.124134205,-0.097169116,-0.15523495276769003
2024-03-14,-0.040833488,-0.019155622,-0.10404446224371593
2024-03-14,-1.6427704,-1.5962254,-0.5708500395218531
2024-03-14,-1.5947123,-1.4171062,-1.0108290513356526
2024-03-14,-1.1782087,-1.3618602,-1.4583972295125325
2024-03-14,-0.97956854,-1.233659,-1.3375417788823445
2024-03-14,-0.8930639,-1.0285558,-1.2080249786376953
2024-03-14,-0.87704456,-0.85940504,-1.0405399401982625
2024-03-14,-0.8001516,-0.773525,-0.88716193040212
2024-03-14,-0.7008315,-0.71049905,-0.7811430295308431
2024-03-14,-0.6784044,-0.6454079,-0.7098106543223063
2024-03-14,-0.59830755,-0.5755894,-0.6438321272532145
2024-03-14,-0.4797642,-0.49527565,-0.5720909933249155
2024-03-14,-0.4060751,-0.4059471,-0.4922707180182139
2024-03-14,-0.29073563,-0.3068442,-0.40268898010253906
2024-03-14,-0.20743492,-0.18321249,-0.29866792758305866
2024-03-14,-0.19141556,-0.09847717,-0.19617795447508493
2024-03-14,-0.011998623,-0.025494307,-0.10239465534687042
2024-03-14,-0.002387001,0.07285398,-0.017039164900779724
2024-03-14,0.080913715,0.14087203,0.0627439022064209
2024-03-14,0.18984543,0.22926393,0.14766331513722739
2024-03-14,0.1930493,0.29335496,0.22116364041964212
2024-03-14,0.27635002,0.34845904,0.2903593083222707
2024-03-14,0.39168948,0.40149847,0.3477708200613658
2024-03-14,0.47178632,0.46858713,0.40618154406547546
2024-03-14,0.49421343,0.5407239,0.4702698389689128
2024-03-14,0.6704265,0.59487283,0.5347279608249664
2024-03-14,0.68003815,0.64960897,0.5950685739517212
2024-03-14,0.76654273,0.6997479,0.64807657400767
2024-03-14,0.87547445,0.7472056,0.6988541682561239
2024-03-14,0.8786783,0.7917023,0.7462186018625895
2024-03-14,0.95877516,0.8324084,0.7904387712478638
2024-03-14,-2.1329632,-2.1168752,-0.16425482432047525
2024-03-14,-2.0496624,-2.0130057,-1.099157492319743
2024-03-14,-1.9535462,-1.7990507,-1.9763105312983196
2024-03-14,-1.85743,-1.7590867,-1.85704771677653
2024-03-14,-1.1685971,-1.585796,-1.714644471804301
2024-03-14,-1.0724809,-1.321867,-1.5555832386016846
2024-03-14,-0.7168509,-1.0387216,-1.31546151638031
2024-03-14,-0.5118029,-0.7362927,-1.0322937568028767
2024-03-14,0.28916553,-0.07733877,-0.6174510171016058
2024-03-14,-2.1169438,-1.9407779,-0.9181364625692368
2024-03-14,-1.6716052,-1.7294958,-1.2492041438817978
2024-03-14,-1.0852964,-1.350599,-1.6736242373784382
2024-03-14,-0.34199762,-0.717924,-1.2660062710444133
2024-03-14,0.80178535,0.33903787,-0.5764950613180796
2024-03-14,0.8081931,0.41281804,0.0113106369972229
2024-03-14,-1.5786929,-1.8913795,-0.37984118858973187
2024-03-14,-1.3544217,-1.5126941,-0.9970851838588715
2024-03-14,-1.3448101,-1.4025999,-1.6022245089213054
2024-03-14,-1.0019957,-1.2144674,-1.376587152481079
2024-03-14,-0.6399579,-0.94896364,-1.1886769930521648
2024-03-14,-0.6047153,-0.7158358,-0.9597556193669637
2024-03-14,-0.24908529,-0.44872233,-0.7045072615146637
2024-03-14,-0.040833488,-0.19245826,-0.4523387998342514
2024-03-14,0.03926336,-0.020034462,-0.22040501733620962
2024-03-14,0.2923694,0.18370247,-0.009596750140190125
2024-03-14,0.32440814,0.33474293,0.1661369800567627
2024-03-14,0.5262522,0.44554082,0.3213287393252055
2024-03-14,0.56149477,0.5523708,0.44421817859013873
2024-03-14,0.5646987,0.61260784,0.5368398129940033
2024-03-14,0.64479554,0.65159,0.605522871017456
2024-03-14,0.93314415,0.68802905,0.6507422924041748
2024-03-14,-2.1906328,-2.0976915,-0.2526908318201701
2024-03-14,-2.1810212,-2.0407138,-1.1501254240671794
2024-03-14,-2.1201477,-1.8856323,-2.008012533187866
2024-03-14,-2.110536,-1.8791829,-1.9351763327916462
2024-03-14,-2.0977204,-1.8705856,-1.8784669240315754
2024-03-14,-2.0881088,-1.8562664,-1.8686782916386921
2024-03-14,-1.7965564,-1.7833201,-1.8367240031560261
2024-03-14,-1.7933525,-1.695123,-1.7782364686330159
2024-03-14,-1.5947123,-1.6537014,-1.7107148170471191
2024-03-14,-1.2679172,-1.4758049,-1.608209768931071
2024-03-14,-1.1589855,-1.2943845,-1.4746302763621013
2024-03-14,-1.7965564,-1.234292,-1.334827144940694
2024-03-14,-1.0084034,-1.2326988,-1.2537917693456013
2024-03-14,-1.0051996,-1.103858,-1.190282940864563
2024-03-14,-0.9443259,-1.0276265,-1.121394435564677
2024-03-14,-0.94112206,-0.855693,-0.9957258303960165
2024-03-14,-0.6047153,-0.77809286,-0.8871374527613322
2024-03-14,-0.52461845,-0.6011176,-0.7449678182601929
2024-03-14,-0.46694872,-0.4535503,-0.6109202603499094
2024-03-14,-0.46374482,-0.36759368,-0.4740871985753377
2024-03-14,-1.8317989,-1.5346648,-0.785269578297933
2024-03-14,0.2667384,-0.4394754,-0.7805779377619425
2024-03-14,0.59994125,0.35966936,-0.5381569266319275
2024-03-14,-2.0496624,-2.051818,-0.710541307926178
2024-03-14,-1.4985961,-1.8038927,-1.1653470893700917
2024-03-14,-1.4825767,-1.4772466,-1.777652422587077
2024-03-14,0.6031452,0.3443134,-0.9789419869581858
2024-03-14,0.60634905,0.555181,-0.1925840675830841
2024-03-14,0.66401875,0.6133355,0.5042766431967417
2024-03-14,0.68964976,0.6991707,0.6225624084472656
2024-03-14,-2.0016043,-2.0240188,-0.2371708552042643
2024-03-14,-1.9919926,-1.9328173,-1.0858884652455647
2024-03-14,-1.982381,-1.7677878,-1.9082079728444417
2024-03-14,-1.9375268,-1.7741302,-1.8249117930730183
2024-03-14,-1.9022841,-1.7525929,-1.7648369868596394
2024-03-14,-1.447334,-1.6324328,-1.7197186549504597
2024-03-14,-1.4120915,-1.5063353,-1.6304536660512288
2024-03-14,-1.3800528,-1.3747915,-1.5045198599497478
2024-03-14,0.1930493,-0.04754588,-0.9762242138385773
2024-03-14,0.22508805,0.2535576,-0.3895932634671529
2024-03-14,-0.81617093,-0.29176494,-0.028584410746892292
2024-03-14,-0.78413224,-0.5037036,-0.18063698212305704
2024-03-14,-0.20743492,-0.42337826,-0.4062822659810384
2024-03-14,-0.18500781,-0.2375806,-0.38822081685066223
2024-03-14,-0.12733808,-0.15380822,-0.2715890258550644
2024-03-14,-0.09209547,0.035211578,-0.1187257468700409
2024-03-14,0.4781941,0.18517992,0.022194425264994305
2024-03-14,0.96838677,0.40472195,0.2083711475133896
2024-03-14,-1.424907,-1.8649796,-0.42502592007319134
2024-03-14,-1.3928683,-1.5657786,-1.0086787641048431
2024-03-14,-1.1782087,-1.3627039,-1.5978207190831502
2024-03-14,-0.30034727,-0.7296473,-1.2193766037623088
2024-03-14,0.55188316,0.22367573,-0.6228918234507242
2024-03-14,-1.1333544,-0.7994156,-0.4351290464401245
2024-03-14,-0.7232586,-0.72412896,-0.4332896073659261
2024-03-14,-0.4797642,-0.6382855,-0.7206100225448608
2024-03-14,-0.34199762,-0.46700928,-0.6098079184691111
2024-03-14,-0.2843279,-0.33579928,-0.48036469022432965
2024-03-14,-0.2715124,-0.18679576,-0.3298681030670802
2024-03-14,0.061690476,-0.052974842,-0.1918566251794497
2024-03-14,0.13537957,0.11566162,-0.04136965920527776
2024-03-14,0.18984543,0.21713337,0.09327338387568791
2024-03-14,0.49741733,0.36681148,0.23320215940475464
2024-03-14,0.5198444,0.49957427,0.3611730436484019
2024-03-14,0.7216885,0.5917765,0.48605408271153766
2024-03-14,-1.7965564,-1.9462917,-0.28498030702273053
2024-03-14,-2.1810212,-1.9292034,-1.0945728619893391
2024-03-14,-2.136167,-1.7448534,-1.873449484507243
2024-03-14,-1.95675,-1.8079621,-1.8273396094640095
2024-03-14,-1.9439346,-1.8004879,-1.78443443775177
2024-03-14,-1.9407307,-1.8013643,-1.8032714128494263
2024-03-14,-1.8894687,-1.7499732,-1.7839417854944866
2024-03-14,-1.8510222,-1.7291877,-1.760175069173177
2024-03-14,-1.8478184,-1.712377,-1.7305126190185547
2024-03-14,-1.4601496,-1.6056259,-1.6823968489964802
2024-03-14,-1.1974319,-1.4375323,-1.5851783752441406
2024-03-14,-0.62714237,-1.0302837,-1.3578139543533325
2024-03-14,-0.5951037,-0.68878293,-1.0521996418635051
2024-03-14,-0.55986106,-0.55246603,-0.7571775515874227
2024-03-14,-0.5278223,-0.4494628,-0.5635705888271332
2024-03-14,-0.26830852,-0.39695492,-0.4662945866584778
2024-03-14,0.4365437,0.037991658,-0.2694753557443619
2024-03-14,0.46858245,0.27785587,-0.027035797635714214
2024-03-14,-1.4825767,-1.7786149,-0.48758911589781445
2024-03-14,-1.4313147,-1.4829584,-0.9945724805196127
2024-03-14,-0.28112403,-0.6650697,-1.3088810046513875
2024-03-14,0.10013696,0.014247999,-0.7112600455681483
2024-03-14,0.16741832,0.085998446,-0.188274418314298
2024-03-14,0.5358638,0.31297716,0.1377412031094233
2024-03-14,0.59994125,0.51071405,0.30322988828023273
2024-03-14,0.37246624,0.58726287,0.4703180293242137
2024-03-14,0.8146008,0.6247556,0.5742441813151041
